date,product,quantity,unitPrice
2026-06-15,"Maggi 2-Minute Noodles 70g",15,14.00
2026-06-15,"Nestle Classic Coffee 50g",5,175.00
2026-06-15,"Coca-Cola Original 750ml",15,45.00
2026-06-15,"Pepsi Can 300ml",8,40.00
2026-06-15,"Real Fruit Juice Mixed Fruit 1L",6,120.00
2026-06-15,"Parle-G Gold Biscuits 1kg",7,130.00
2026-06-15,"Britannia Good Day Butter 200g",12,50.00
2026-06-15,"Britannia Marie Gold 250g",12,35.00
2026-06-15,"Lay's Classic Salted Chips 50g",18,20.00
2026-06-15,"Kurkure Masala Munch 80g",18,20.00
2026-06-15,"Amul Taaza Homogenised Toned Milk 1L",21,72.00
2026-06-15,"Amul Salted Butter 500g",6,275.00
2026-06-15,"Kellogg's Corn Flakes 475g",3,220.00
2026-06-15,"Aashirvaad Superior MP Sharbati Atta 5kg",8,310.00
2026-06-15,"Tata Salt Vacuum Evaporated 1kg",18,28.00
2026-06-15,"Tata Sampann Toor Dal 1kg",9,175.00
2026-06-15,"Fortune Sunlite Refined Sunflower Oil 1L",13,155.00
2026-06-15,"Surf Excel Easy Wash Detergent Powder 1kg",6,145.00
2026-06-15,"Vim Dishwash Liquid Gel 500ml",6,130.00
2026-06-15,"Colgate MaxFresh Blue Gel Toothpaste 150g",6,120.00
2026-06-15,"Head & Shoulders Anti-Dandruff Shampoo 340ml",5,320.00
2026-06-15,"Dettol Original Bathing Soap (Pack of 4)",7,190.00
2026-06-15,"Premium Saffron Special Tea 250g",2,600.00
2026-06-15,"Exotic Dark Truffle Chocolate 150g",2,420.00
2026-06-16,"Maggi 2-Minute Noodles 70g",20,14.00
2026-06-16,"Nestle Classic Coffee 50g",4,175.00
2026-06-16,"Coca-Cola Original 750ml",14,45.00
2026-06-16,"Pepsi Can 300ml",12,40.00
2026-06-16,"Real Fruit Juice Mixed Fruit 1L",6,120.00
2026-06-16,"Parle-G Gold Biscuits 1kg",9,130.00
2026-06-16,"Britannia Good Day Butter 200g",12,50.00
2026-06-16,"Britannia Marie Gold 250g",11,35.00
2026-06-16,"Lay's Classic Salted Chips 50g",17,20.00
2026-06-16,"Kurkure Masala Munch 80g",17,20.00
2026-06-16,"Amul Taaza Homogenised Toned Milk 1L",24,72.00
2026-06-16,"Amul Salted Butter 500g",6,275.00
2026-06-16,"Kellogg's Corn Flakes 475g",5,220.00
2026-06-16,"Aashirvaad Superior MP Sharbati Atta 5kg",9,310.00
2026-06-16,"Tata Salt Vacuum Evaporated 1kg",20,28.00
2026-06-16,"Tata Sampann Toor Dal 1kg",7,175.00
2026-06-16,"Fortune Sunlite Refined Sunflower Oil 1L",11,155.00
2026-06-16,"Surf Excel Easy Wash Detergent Powder 1kg",6,145.00
2026-06-16,"Vim Dishwash Liquid Gel 500ml",6,130.00
2026-06-16,"Colgate MaxFresh Blue Gel Toothpaste 150g",9,120.00
2026-06-16,"Head & Shoulders Anti-Dandruff Shampoo 340ml",3,320.00
2026-06-16,"Dettol Original Bathing Soap (Pack of 4)",7,190.00
2026-06-16,"Premium Saffron Special Tea 250g",1,600.00
2026-06-16,"Exotic Dark Truffle Chocolate 150g",2,420.00
2026-06-17,"Maggi 2-Minute Noodles 70g",17,14.00
2026-06-17,"Nestle Classic Coffee 50g",5,175.00
2026-06-17,"Coca-Cola Original 750ml",16,45.00
2026-06-17,"Pepsi Can 300ml",8,40.00
2026-06-17,"Real Fruit Juice Mixed Fruit 1L",6,120.00
2026-06-17,"Parle-G Gold Biscuits 1kg",10,130.00
2026-06-17,"Britannia Good Day Butter 200g",14,50.00
2026-06-17,"Britannia Marie Gold 250g",11,35.00
2026-06-17,"Lay's Classic Salted Chips 50g",13,20.00
2026-06-17,"Kurkure Masala Munch 80g",15,20.00
2026-06-17,"Amul Taaza Homogenised Toned Milk 1L",26,72.00
2026-06-17,"Amul Salted Butter 500g",9,275.00
2026-06-17,"Kellogg's Corn Flakes 475g",4,220.00
2026-06-17,"Aashirvaad Superior MP Sharbati Atta 5kg",9,310.00
2026-06-17,"Tata Salt Vacuum Evaporated 1kg",20,28.00
2026-06-17,"Tata Sampann Toor Dal 1kg",8,175.00
2026-06-17,"Fortune Sunlite Refined Sunflower Oil 1L",13,155.00
2026-06-17,"Surf Excel Easy Wash Detergent Powder 1kg",7,145.00
2026-06-17,"Vim Dishwash Liquid Gel 500ml",6,130.00
2026-06-17,"Colgate MaxFresh Blue Gel Toothpaste 150g",9,120.00
2026-06-17,"Head & Shoulders Anti-Dandruff Shampoo 340ml",3,320.00
2026-06-17,"Dettol Original Bathing Soap (Pack of 4)",7,190.00
2026-06-17,"Premium Saffron Special Tea 250g",2,600.00
2026-06-17,"Exotic Dark Truffle Chocolate 150g",2,420.00
2026-06-18,"Maggi 2-Minute Noodles 70g",18,14.00
2026-06-18,"Nestle Classic Coffee 50g",4,175.00
2026-06-18,"Coca-Cola Original 750ml",14,45.00
2026-06-18,"Pepsi Can 300ml",8,40.00
2026-06-18,"Real Fruit Juice Mixed Fruit 1L",7,120.00
2026-06-18,"Parle-G Gold Biscuits 1kg",9,130.00
2026-06-18,"Britannia Good Day Butter 200g",14,50.00
2026-06-18,"Britannia Marie Gold 250g",12,35.00
2026-06-18,"Lay's Classic Salted Chips 50g",16,20.00
2026-06-18,"Kurkure Masala Munch 80g",17,20.00
2026-06-18,"Amul Taaza Homogenised Toned Milk 1L",19,72.00
2026-06-18,"Amul Salted Butter 500g",6,275.00
2026-06-18,"Kellogg's Corn Flakes 475g",4,220.00
2026-06-18,"Aashirvaad Superior MP Sharbati Atta 5kg",10,310.00
2026-06-18,"Tata Salt Vacuum Evaporated 1kg",16,28.00
2026-06-18,"Tata Sampann Toor Dal 1kg",7,175.00
2026-06-18,"Fortune Sunlite Refined Sunflower Oil 1L",13,155.00
2026-06-18,"Surf Excel Easy Wash Detergent Powder 1kg",6,145.00
2026-06-18,"Vim Dishwash Liquid Gel 500ml",6,130.00
2026-06-18,"Colgate MaxFresh Blue Gel Toothpaste 150g",8,120.00
2026-06-18,"Head & Shoulders Anti-Dandruff Shampoo 340ml",3,320.00
2026-06-18,"Dettol Original Bathing Soap (Pack of 4)",7,190.00
2026-06-18,"Premium Saffron Special Tea 250g",2,600.00
2026-06-18,"Exotic Dark Truffle Chocolate 150g",2,420.00
2026-06-19,"Maggi 2-Minute Noodles 70g",22,14.00
2026-06-19,"Nestle Classic Coffee 50g",6,175.00
2026-06-19,"Coca-Cola Original 750ml",17,45.00
2026-06-19,"Pepsi Can 300ml",14,40.00
2026-06-19,"Real Fruit Juice Mixed Fruit 1L",9,120.00
2026-06-19,"Parle-G Gold Biscuits 1kg",11,130.00
2026-06-19,"Britannia Good Day Butter 200g",17,50.00
2026-06-19,"Britannia Marie Gold 250g",13,35.00
2026-06-19,"Lay's Classic Salted Chips 50g",23,20.00
2026-06-19,"Kurkure Masala Munch 80g",19,20.00
2026-06-19,"Amul Taaza Homogenised Toned Milk 1L",32,72.00
2026-06-19,"Amul Salted Butter 500g",8,275.00
2026-06-19,"Kellogg's Corn Flakes 475g",6,220.00
2026-06-19,"Aashirvaad Superior MP Sharbati Atta 5kg",12,310.00
2026-06-19,"Tata Salt Vacuum Evaporated 1kg",24,28.00
2026-06-19,"Tata Sampann Toor Dal 1kg",12,175.00
2026-06-19,"Fortune Sunlite Refined Sunflower Oil 1L",16,155.00
2026-06-19,"Surf Excel Easy Wash Detergent Powder 1kg",8,145.00
2026-06-19,"Vim Dishwash Liquid Gel 500ml",8,130.00
2026-06-19,"Colgate MaxFresh Blue Gel Toothpaste 150g",11,120.00
2026-06-19,"Head & Shoulders Anti-Dandruff Shampoo 340ml",5,320.00
2026-06-19,"Dettol Original Bathing Soap (Pack of 4)",10,190.00
2026-06-19,"Premium Saffron Special Tea 250g",3,600.00
2026-06-19,"Exotic Dark Truffle Chocolate 150g",3,420.00
2026-06-20,"Maggi 2-Minute Noodles 70g",27,14.00
2026-06-20,"Nestle Classic Coffee 50g",7,175.00
2026-06-20,"Coca-Cola Original 750ml",20,45.00
2026-06-20,"Pepsi Can 300ml",14,40.00
2026-06-20,"Real Fruit Juice Mixed Fruit 1L",8,120.00
2026-06-20,"Parle-G Gold Biscuits 1kg",11,130.00
2026-06-20,"Britannia Good Day Butter 200g",16,50.00
2026-06-20,"Britannia Marie Gold 250g",13,35.00
2026-06-20,"Lay's Classic Salted Chips 50g",21,20.00
2026-06-20,"Kurkure Masala Munch 80g",21,20.00
2026-06-20,"Amul Taaza Homogenised Toned Milk 1L",31,72.00
2026-06-20,"Amul Salted Butter 500g",8,275.00
2026-06-20,"Kellogg's Corn Flakes 475g",6,220.00
2026-06-20,"Aashirvaad Superior MP Sharbati Atta 5kg",13,310.00
2026-06-20,"Tata Salt Vacuum Evaporated 1kg",27,28.00
2026-06-20,"Tata Sampann Toor Dal 1kg",11,175.00
2026-06-20,"Fortune Sunlite Refined Sunflower Oil 1L",14,155.00
2026-06-20,"Surf Excel Easy Wash Detergent Powder 1kg",7,145.00
2026-06-20,"Vim Dishwash Liquid Gel 500ml",9,130.00
2026-06-20,"Colgate MaxFresh Blue Gel Toothpaste 150g",12,120.00
2026-06-20,"Head & Shoulders Anti-Dandruff Shampoo 340ml",6,320.00
2026-06-20,"Dettol Original Bathing Soap (Pack of 4)",12,190.00
2026-06-20,"Premium Saffron Special Tea 250g",3,600.00
2026-06-20,"Exotic Dark Truffle Chocolate 150g",3,420.00
2026-06-21,"Maggi 2-Minute Noodles 70g",20,14.00
2026-06-21,"Nestle Classic Coffee 50g",5,175.00
2026-06-21,"Coca-Cola Original 750ml",13,45.00
2026-06-21,"Pepsi Can 300ml",10,40.00
2026-06-21,"Real Fruit Juice Mixed Fruit 1L",6,120.00
2026-06-21,"Parle-G Gold Biscuits 1kg",7,130.00
2026-06-21,"Britannia Good Day Butter 200g",11,50.00
2026-06-21,"Britannia Marie Gold 250g",12,35.00
2026-06-21,"Lay's Classic Salted Chips 50g",18,20.00
2026-06-21,"Kurkure Masala Munch 80g",16,20.00
2026-06-21,"Amul Taaza Homogenised Toned Milk 1L",22,72.00
2026-06-21,"Amul Salted Butter 500g",8,275.00
2026-06-21,"Kellogg's Corn Flakes 475g",5,220.00
2026-06-21,"Aashirvaad Superior MP Sharbati Atta 5kg",9,310.00
2026-06-21,"Tata Salt Vacuum Evaporated 1kg",19,28.00
2026-06-21,"Tata Sampann Toor Dal 1kg",8,175.00
2026-06-21,"Fortune Sunlite Refined Sunflower Oil 1L",12,155.00
2026-06-21,"Surf Excel Easy Wash Detergent Powder 1kg",6,145.00
2026-06-21,"Vim Dishwash Liquid Gel 500ml",6,130.00
2026-06-21,"Colgate MaxFresh Blue Gel Toothpaste 150g",8,120.00
2026-06-21,"Head & Shoulders Anti-Dandruff Shampoo 340ml",3,320.00
2026-06-21,"Dettol Original Bathing Soap (Pack of 4)",6,190.00
2026-06-21,"Premium Saffron Special Tea 250g",2,600.00
2026-06-21,"Exotic Dark Truffle Chocolate 150g",2,420.00
2026-06-22,"Maggi 2-Minute Noodles 70g",19,14.00
2026-06-22,"Nestle Classic Coffee 50g",5,175.00
2026-06-22,"Coca-Cola Original 750ml",13,45.00
2026-06-22,"Pepsi Can 300ml",9,40.00
2026-06-22,"Real Fruit Juice Mixed Fruit 1L",5,120.00
2026-06-22,"Parle-G Gold Biscuits 1kg",7,130.00
2026-06-22,"Britannia Good Day Butter 200g",14,50.00
2026-06-22,"Britannia Marie Gold 250g",11,35.00
2026-06-22,"Lay's Classic Salted Chips 50g",17,20.00
2026-06-22,"Kurkure Masala Munch 80g",14,20.00
2026-06-22,"Amul Taaza Homogenised Toned Milk 1L",22,72.00
2026-06-22,"Amul Salted Butter 500g",6,275.00
2026-06-22,"Kellogg's Corn Flakes 475g",3,220.00
2026-06-22,"Aashirvaad Superior MP Sharbati Atta 5kg",9,310.00
2026-06-22,"Tata Salt Vacuum Evaporated 1kg",23,28.00
2026-06-22,"Tata Sampann Toor Dal 1kg",8,175.00
2026-06-22,"Fortune Sunlite Refined Sunflower Oil 1L",11,155.00
2026-06-22,"Surf Excel Easy Wash Detergent Powder 1kg",7,145.00
2026-06-22,"Vim Dishwash Liquid Gel 500ml",6,130.00
2026-06-22,"Colgate MaxFresh Blue Gel Toothpaste 150g",7,120.00
2026-06-22,"Head & Shoulders Anti-Dandruff Shampoo 340ml",5,320.00
2026-06-22,"Dettol Original Bathing Soap (Pack of 4)",6,190.00
2026-06-22,"Premium Saffron Special Tea 250g",2,600.00
2026-06-22,"Exotic Dark Truffle Chocolate 150g",2,420.00
2026-06-23,"Maggi 2-Minute Noodles 70g",17,14.00
2026-06-23,"Nestle Classic Coffee 50g",5,175.00
2026-06-23,"Coca-Cola Original 750ml",13,45.00
2026-06-23,"Pepsi Can 300ml",10,40.00
2026-06-23,"Real Fruit Juice Mixed Fruit 1L",7,120.00
2026-06-23,"Parle-G Gold Biscuits 1kg",9,130.00
2026-06-23,"Britannia Good Day Butter 200g",15,50.00
2026-06-23,"Britannia Marie Gold 250g",10,35.00
2026-06-23,"Lay's Classic Salted Chips 50g",17,20.00
2026-06-23,"Kurkure Masala Munch 80g",15,20.00
2026-06-23,"Amul Taaza Homogenised Toned Milk 1L",21,72.00
2026-06-23,"Amul Salted Butter 500g",8,275.00
2026-06-23,"Kellogg's Corn Flakes 475g",3,220.00
2026-06-23,"Aashirvaad Superior MP Sharbati Atta 5kg",8,310.00
2026-06-23,"Tata Salt Vacuum Evaporated 1kg",18,28.00
2026-06-23,"Tata Sampann Toor Dal 1kg",7,175.00
2026-06-23,"Fortune Sunlite Refined Sunflower Oil 1L",14,155.00
2026-06-23,"Surf Excel Easy Wash Detergent Powder 1kg",6,145.00
2026-06-23,"Vim Dishwash Liquid Gel 500ml",5,130.00
2026-06-23,"Colgate MaxFresh Blue Gel Toothpaste 150g",9,120.00
2026-06-23,"Head & Shoulders Anti-Dandruff Shampoo 340ml",4,320.00
2026-06-23,"Dettol Original Bathing Soap (Pack of 4)",7,190.00
2026-06-23,"Premium Saffron Special Tea 250g",2,600.00
2026-06-23,"Exotic Dark Truffle Chocolate 150g",2,420.00
2026-06-24,"Maggi 2-Minute Noodles 70g",22,14.00
2026-06-24,"Nestle Classic Coffee 50g",5,175.00
2026-06-24,"Coca-Cola Original 750ml",16,45.00
2026-06-24,"Pepsi Can 300ml",9,40.00
2026-06-24,"Real Fruit Juice Mixed Fruit 1L",7,120.00
2026-06-24,"Parle-G Gold Biscuits 1kg",7,130.00
2026-06-24,"Britannia Good Day Butter 200g",11,50.00
2026-06-24,"Britannia Marie Gold 250g",10,35.00
2026-06-24,"Lay's Classic Salted Chips 50g",16,20.00
2026-06-24,"Kurkure Masala Munch 80g",14,20.00
2026-06-24,"Amul Taaza Homogenised Toned Milk 1L",24,72.00
2026-06-24,"Amul Salted Butter 500g",8,275.00
2026-06-24,"Kellogg's Corn Flakes 475g",3,220.00
2026-06-24,"Aashirvaad Superior MP Sharbati Atta 5kg",8,310.00
2026-06-24,"Tata Salt Vacuum Evaporated 1kg",21,28.00
2026-06-24,"Tata Sampann Toor Dal 1kg",8,175.00
2026-06-24,"Fortune Sunlite Refined Sunflower Oil 1L",14,155.00
2026-06-24,"Surf Excel Easy Wash Detergent Powder 1kg",5,145.00
2026-06-24,"Vim Dishwash Liquid Gel 500ml",6,130.00
2026-06-24,"Colgate MaxFresh Blue Gel Toothpaste 150g",9,120.00
2026-06-24,"Head & Shoulders Anti-Dandruff Shampoo 340ml",4,320.00
2026-06-24,"Dettol Original Bathing Soap (Pack of 4)",8,190.00
2026-06-24,"Premium Saffron Special Tea 250g",2,600.00
2026-06-24,"Exotic Dark Truffle Chocolate 150g",2,420.00
2026-06-25,"Maggi 2-Minute Noodles 70g",17,14.00
2026-06-25,"Nestle Classic Coffee 50g",4,175.00
2026-06-25,"Coca-Cola Original 750ml",13,45.00
2026-06-25,"Pepsi Can 300ml",11,40.00
2026-06-25,"Real Fruit Juice Mixed Fruit 1L",6,120.00
2026-06-25,"Parle-G Gold Biscuits 1kg",8,130.00
2026-06-25,"Britannia Good Day Butter 200g",12,50.00
2026-06-25,"Britannia Marie Gold 250g",10,35.00
2026-06-25,"Lay's Classic Salted Chips 50g",14,20.00
2026-06-25,"Kurkure Masala Munch 80g",14,20.00
2026-06-25,"Amul Taaza Homogenised Toned Milk 1L",23,72.00
2026-06-25,"Amul Salted Butter 500g",9,275.00
2026-06-25,"Kellogg's Corn Flakes 475g",4,220.00
2026-06-25,"Aashirvaad Superior MP Sharbati Atta 5kg",10,310.00
2026-06-25,"Tata Salt Vacuum Evaporated 1kg",20,28.00
2026-06-25,"Tata Sampann Toor Dal 1kg",7,175.00
2026-06-25,"Fortune Sunlite Refined Sunflower Oil 1L",10,155.00
2026-06-25,"Surf Excel Easy Wash Detergent Powder 1kg",7,145.00
2026-06-25,"Vim Dishwash Liquid Gel 500ml",5,130.00
2026-06-25,"Colgate MaxFresh Blue Gel Toothpaste 150g",9,120.00
2026-06-25,"Head & Shoulders Anti-Dandruff Shampoo 340ml",5,320.00
2026-06-25,"Dettol Original Bathing Soap (Pack of 4)",6,190.00
2026-06-25,"Premium Saffron Special Tea 250g",2,600.00
2026-06-25,"Exotic Dark Truffle Chocolate 150g",2,420.00
2026-06-26,"Maggi 2-Minute Noodles 70g",25,14.00
2026-06-26,"Nestle Classic Coffee 50g",7,175.00
2026-06-26,"Coca-Cola Original 750ml",18,45.00
2026-06-26,"Pepsi Can 300ml",15,40.00
2026-06-26,"Real Fruit Juice Mixed Fruit 1L",8,120.00
2026-06-26,"Parle-G Gold Biscuits 1kg",10,130.00
2026-06-26,"Britannia Good Day Butter 200g",15,50.00
2026-06-26,"Britannia Marie Gold 250g",16,35.00
2026-06-26,"Lay's Classic Salted Chips 50g",22,20.00
2026-06-26,"Kurkure Masala Munch 80g",25,20.00
2026-06-26,"Amul Taaza Homogenised Toned Milk 1L",28,72.00
2026-06-26,"Amul Salted Butter 500g",10,275.00
2026-06-26,"Kellogg's Corn Flakes 475g",7,220.00
2026-06-26,"Aashirvaad Superior MP Sharbati Atta 5kg",12,310.00
2026-06-26,"Tata Salt Vacuum Evaporated 1kg",26,28.00
2026-06-26,"Tata Sampann Toor Dal 1kg",11,175.00
2026-06-26,"Fortune Sunlite Refined Sunflower Oil 1L",17,155.00
2026-06-26,"Surf Excel Easy Wash Detergent Powder 1kg",10,145.00
2026-06-26,"Vim Dishwash Liquid Gel 500ml",8,130.00
2026-06-26,"Colgate MaxFresh Blue Gel Toothpaste 150g",10,120.00
2026-06-26,"Head & Shoulders Anti-Dandruff Shampoo 340ml",6,320.00
2026-06-26,"Dettol Original Bathing Soap (Pack of 4)",8,190.00
2026-06-26,"Premium Saffron Special Tea 250g",4,600.00
2026-06-26,"Exotic Dark Truffle Chocolate 150g",3,420.00
2026-06-27,"Maggi 2-Minute Noodles 70g",25,14.00
2026-06-27,"Nestle Classic Coffee 50g",7,175.00
2026-06-27,"Coca-Cola Original 750ml",19,45.00
2026-06-27,"Pepsi Can 300ml",12,40.00
2026-06-27,"Real Fruit Juice Mixed Fruit 1L",8,120.00
2026-06-27,"Parle-G Gold Biscuits 1kg",10,130.00
2026-06-27,"Britannia Good Day Butter 200g",16,50.00
2026-06-27,"Britannia Marie Gold 250g",16,35.00
2026-06-27,"Lay's Classic Salted Chips 50g",21,20.00
2026-06-27,"Kurkure Masala Munch 80g",20,20.00
2026-06-27,"Amul Taaza Homogenised Toned Milk 1L",28,72.00
2026-06-27,"Amul Salted Butter 500g",9,275.00
2026-06-27,"Kellogg's Corn Flakes 475g",5,220.00
2026-06-27,"Aashirvaad Superior MP Sharbati Atta 5kg",14,310.00
2026-06-27,"Tata Salt Vacuum Evaporated 1kg",28,28.00
2026-06-27,"Tata Sampann Toor Dal 1kg",11,175.00
2026-06-27,"Fortune Sunlite Refined Sunflower Oil 1L",17,155.00
2026-06-27,"Surf Excel Easy Wash Detergent Powder 1kg",11,145.00
2026-06-27,"Vim Dishwash Liquid Gel 500ml",7,130.00
2026-06-27,"Colgate MaxFresh Blue Gel Toothpaste 150g",10,120.00
2026-06-27,"Head & Shoulders Anti-Dandruff Shampoo 340ml",6,320.00
2026-06-27,"Dettol Original Bathing Soap (Pack of 4)",10,190.00
2026-06-27,"Premium Saffron Special Tea 250g",2,600.00
2026-06-27,"Exotic Dark Truffle Chocolate 150g",3,420.00
2026-06-28,"Maggi 2-Minute Noodles 70g",20,14.00
2026-06-28,"Nestle Classic Coffee 50g",5,175.00
2026-06-28,"Coca-Cola Original 750ml",16,45.00
2026-06-28,"Pepsi Can 300ml",13,40.00
2026-06-28,"Real Fruit Juice Mixed Fruit 1L",5,120.00
2026-06-28,"Parle-G Gold Biscuits 1kg",9,130.00
2026-06-28,"Britannia Good Day Butter 200g",12,50.00
2026-06-28,"Britannia Marie Gold 250g",12,35.00
2026-06-28,"Lay's Classic Salted Chips 50g",16,20.00
2026-06-28,"Kurkure Masala Munch 80g",17,20.00
2026-06-28,"Amul Taaza Homogenised Toned Milk 1L",23,72.00
2026-06-28,"Amul Salted Butter 500g",8,275.00
2026-06-28,"Kellogg's Corn Flakes 475g",4,220.00
2026-06-28,"Aashirvaad Superior MP Sharbati Atta 5kg",9,310.00
2026-06-28,"Tata Salt Vacuum Evaporated 1kg",18,28.00
2026-06-28,"Tata Sampann Toor Dal 1kg",7,175.00
2026-06-28,"Fortune Sunlite Refined Sunflower Oil 1L",12,155.00
2026-06-28,"Surf Excel Easy Wash Detergent Powder 1kg",8,145.00
2026-06-28,"Vim Dishwash Liquid Gel 500ml",6,130.00
2026-06-28,"Colgate MaxFresh Blue Gel Toothpaste 150g",8,120.00
2026-06-28,"Head & Shoulders Anti-Dandruff Shampoo 340ml",4,320.00
2026-06-28,"Dettol Original Bathing Soap (Pack of 4)",9,190.00
2026-06-28,"Premium Saffron Special Tea 250g",2,600.00
2026-06-28,"Exotic Dark Truffle Chocolate 150g",2,420.00
2026-06-29,"Maggi 2-Minute Noodles 70g",20,14.00
2026-06-29,"Nestle Classic Coffee 50g",4,175.00
2026-06-29,"Coca-Cola Original 750ml",16,45.00
2026-06-29,"Pepsi Can 300ml",8,40.00
2026-06-29,"Real Fruit Juice Mixed Fruit 1L",5,120.00
2026-06-29,"Parle-G Gold Biscuits 1kg",9,130.00
2026-06-29,"Britannia Good Day Butter 200g",11,50.00
2026-06-29,"Britannia Marie Gold 250g",11,35.00
2026-06-29,"Lay's Classic Salted Chips 50g",15,20.00
2026-06-29,"Kurkure Masala Munch 80g",17,20.00
2026-06-29,"Amul Taaza Homogenised Toned Milk 1L",20,72.00
2026-06-29,"Amul Salted Butter 500g",5,275.00
2026-06-29,"Kellogg's Corn Flakes 475g",3,220.00
2026-06-29,"Aashirvaad Superior MP Sharbati Atta 5kg",10,310.00
2026-06-29,"Tata Salt Vacuum Evaporated 1kg",21,28.00
2026-06-29,"Tata Sampann Toor Dal 1kg",10,175.00
2026-06-29,"Fortune Sunlite Refined Sunflower Oil 1L",10,155.00
2026-06-29,"Surf Excel Easy Wash Detergent Powder 1kg",8,145.00
2026-06-29,"Vim Dishwash Liquid Gel 500ml",5,130.00
2026-06-29,"Colgate MaxFresh Blue Gel Toothpaste 150g",9,120.00
2026-06-29,"Head & Shoulders Anti-Dandruff Shampoo 340ml",3,320.00
2026-06-29,"Dettol Original Bathing Soap (Pack of 4)",8,190.00
2026-06-29,"Premium Saffron Special Tea 250g",1,600.00
2026-06-29,"Exotic Dark Truffle Chocolate 150g",2,420.00
2026-06-30,"Maggi 2-Minute Noodles 70g",18,14.00
2026-06-30,"Nestle Classic Coffee 50g",5,175.00
2026-06-30,"Coca-Cola Original 750ml",15,45.00
2026-06-30,"Pepsi Can 300ml",11,40.00
2026-06-30,"Real Fruit Juice Mixed Fruit 1L",6,120.00
2026-06-30,"Parle-G Gold Biscuits 1kg",8,130.00
2026-06-30,"Britannia Good Day Butter 200g",11,50.00
2026-06-30,"Britannia Marie Gold 250g",9,35.00
2026-06-30,"Lay's Classic Salted Chips 50g",17,20.00
2026-06-30,"Kurkure Masala Munch 80g",13,20.00
2026-06-30,"Amul Taaza Homogenised Toned Milk 1L",23,72.00
2026-06-30,"Amul Salted Butter 500g",7,275.00
2026-06-30,"Kellogg's Corn Flakes 475g",4,220.00
2026-06-30,"Aashirvaad Superior MP Sharbati Atta 5kg",9,310.00
2026-06-30,"Tata Salt Vacuum Evaporated 1kg",17,28.00
2026-06-30,"Tata Sampann Toor Dal 1kg",7,175.00
2026-06-30,"Fortune Sunlite Refined Sunflower Oil 1L",12,155.00
2026-06-30,"Surf Excel Easy Wash Detergent Powder 1kg",6,145.00
2026-06-30,"Vim Dishwash Liquid Gel 500ml",7,130.00
2026-06-30,"Colgate MaxFresh Blue Gel Toothpaste 150g",8,120.00
2026-06-30,"Head & Shoulders Anti-Dandruff Shampoo 340ml",3,320.00
2026-06-30,"Dettol Original Bathing Soap (Pack of 4)",7,190.00
2026-06-30,"Premium Saffron Special Tea 250g",2,600.00
2026-06-30,"Exotic Dark Truffle Chocolate 150g",2,420.00
2026-07-01,"Maggi 2-Minute Noodles 70g",14,14.00
2026-07-01,"Nestle Classic Coffee 50g",5,175.00
2026-07-01,"Coca-Cola Original 750ml",13,45.00
2026-07-01,"Pepsi Can 300ml",11,40.00
2026-07-01,"Real Fruit Juice Mixed Fruit 1L",6,120.00
2026-07-01,"Parle-G Gold Biscuits 1kg",9,130.00
2026-07-01,"Britannia Good Day Butter 200g",8,50.00
2026-07-01,"Britannia Marie Gold 250g",11,35.00
2026-07-01,"Lay's Classic Salted Chips 50g",15,20.00
2026-07-01,"Kurkure Masala Munch 80g",13,20.00
2026-07-01,"Amul Taaza Homogenised Toned Milk 1L",21,72.00
2026-07-01,"Amul Salted Butter 500g",7,275.00
2026-07-01,"Kellogg's Corn Flakes 475g",4,220.00
2026-07-01,"Aashirvaad Superior MP Sharbati Atta 5kg",10,310.00
2026-07-01,"Tata Salt Vacuum Evaporated 1kg",18,28.00
2026-07-01,"Tata Sampann Toor Dal 1kg",8,175.00
2026-07-01,"Fortune Sunlite Refined Sunflower Oil 1L",12,155.00
2026-07-01,"Surf Excel Easy Wash Detergent Powder 1kg",7,145.00
2026-07-01,"Vim Dishwash Liquid Gel 500ml",6,130.00
2026-07-01,"Colgate MaxFresh Blue Gel Toothpaste 150g",8,120.00
2026-07-01,"Head & Shoulders Anti-Dandruff Shampoo 340ml",3,320.00
2026-07-01,"Dettol Original Bathing Soap (Pack of 4)",7,190.00
2026-07-01,"Premium Saffron Special Tea 250g",2,600.00
2026-07-01,"Exotic Dark Truffle Chocolate 150g",2,420.00
2026-07-02,"Maggi 2-Minute Noodles 70g",18,14.00
2026-07-02,"Nestle Classic Coffee 50g",5,175.00
2026-07-02,"Coca-Cola Original 750ml",14,45.00
2026-07-02,"Pepsi Can 300ml",11,40.00
2026-07-02,"Real Fruit Juice Mixed Fruit 1L",5,120.00
2026-07-02,"Parle-G Gold Biscuits 1kg",8,130.00
2026-07-02,"Britannia Good Day Butter 200g",14,50.00
2026-07-02,"Britannia Marie Gold 250g",10,35.00
2026-07-02,"Lay's Classic Salted Chips 50g",15,20.00
2026-07-02,"Kurkure Masala Munch 80g",16,20.00
2026-07-02,"Amul Taaza Homogenised Toned Milk 1L",22,72.00
2026-07-02,"Amul Salted Butter 500g",8,275.00
2026-07-02,"Kellogg's Corn Flakes 475g",3,220.00
2026-07-02,"Aashirvaad Superior MP Sharbati Atta 5kg",10,310.00
2026-07-02,"Tata Salt Vacuum Evaporated 1kg",20,28.00
2026-07-02,"Tata Sampann Toor Dal 1kg",7,175.00
2026-07-02,"Fortune Sunlite Refined Sunflower Oil 1L",12,155.00
2026-07-02,"Surf Excel Easy Wash Detergent Powder 1kg",7,145.00
2026-07-02,"Vim Dishwash Liquid Gel 500ml",6,130.00
2026-07-02,"Colgate MaxFresh Blue Gel Toothpaste 150g",7,120.00
2026-07-02,"Head & Shoulders Anti-Dandruff Shampoo 340ml",5,320.00
2026-07-02,"Dettol Original Bathing Soap (Pack of 4)",8,190.00
2026-07-02,"Premium Saffron Special Tea 250g",2,600.00
2026-07-02,"Exotic Dark Truffle Chocolate 150g",2,420.00
2026-07-03,"Maggi 2-Minute Noodles 70g",24,14.00
2026-07-03,"Nestle Classic Coffee 50g",8,175.00
2026-07-03,"Coca-Cola Original 750ml",19,45.00
2026-07-03,"Pepsi Can 300ml",14,40.00
2026-07-03,"Real Fruit Juice Mixed Fruit 1L",8,120.00
2026-07-03,"Parle-G Gold Biscuits 1kg",12,130.00
2026-07-03,"Britannia Good Day Butter 200g",17,50.00
2026-07-03,"Britannia Marie Gold 250g",16,35.00
2026-07-03,"Lay's Classic Salted Chips 50g",21,20.00
2026-07-03,"Kurkure Masala Munch 80g",24,20.00
2026-07-03,"Amul Taaza Homogenised Toned Milk 1L",29,72.00
2026-07-03,"Amul Salted Butter 500g",8,275.00
2026-07-03,"Kellogg's Corn Flakes 475g",7,220.00
2026-07-03,"Aashirvaad Superior MP Sharbati Atta 5kg",12,310.00
2026-07-03,"Tata Salt Vacuum Evaporated 1kg",28,28.00
2026-07-03,"Tata Sampann Toor Dal 1kg",10,175.00
2026-07-03,"Fortune Sunlite Refined Sunflower Oil 1L",17,155.00
2026-07-03,"Surf Excel Easy Wash Detergent Powder 1kg",9,145.00
2026-07-03,"Vim Dishwash Liquid Gel 500ml",9,130.00
2026-07-03,"Colgate MaxFresh Blue Gel Toothpaste 150g",11,120.00
2026-07-03,"Head & Shoulders Anti-Dandruff Shampoo 340ml",5,320.00
2026-07-03,"Dettol Original Bathing Soap (Pack of 4)",11,190.00
2026-07-03,"Premium Saffron Special Tea 250g",3,600.00
2026-07-03,"Exotic Dark Truffle Chocolate 150g",3,420.00
2026-07-04,"Maggi 2-Minute Noodles 70g",25,14.00
2026-07-04,"Nestle Classic Coffee 50g",7,175.00
2026-07-04,"Coca-Cola Original 750ml",18,45.00
2026-07-04,"Pepsi Can 300ml",16,40.00
2026-07-04,"Real Fruit Juice Mixed Fruit 1L",8,120.00
2026-07-04,"Parle-G Gold Biscuits 1kg",10,130.00
2026-07-04,"Britannia Good Day Butter 200g",17,50.00
2026-07-04,"Britannia Marie Gold 250g",13,35.00
2026-07-04,"Lay's Classic Salted Chips 50g",22,20.00
2026-07-04,"Kurkure Masala Munch 80g",22,20.00
2026-07-04,"Amul Taaza Homogenised Toned Milk 1L",34,72.00
2026-07-04,"Amul Salted Butter 500g",10,275.00
2026-07-04,"Kellogg's Corn Flakes 475g",5,220.00
2026-07-04,"Aashirvaad Superior MP Sharbati Atta 5kg",12,310.00
2026-07-04,"Tata Salt Vacuum Evaporated 1kg",29,28.00
2026-07-04,"Tata Sampann Toor Dal 1kg",9,175.00
2026-07-04,"Fortune Sunlite Refined Sunflower Oil 1L",17,155.00
2026-07-04,"Surf Excel Easy Wash Detergent Powder 1kg",10,145.00
2026-07-04,"Vim Dishwash Liquid Gel 500ml",9,130.00
2026-07-04,"Colgate MaxFresh Blue Gel Toothpaste 150g",10,120.00
2026-07-04,"Head & Shoulders Anti-Dandruff Shampoo 340ml",6,320.00
2026-07-04,"Dettol Original Bathing Soap (Pack of 4)",8,190.00
2026-07-04,"Premium Saffron Special Tea 250g",3,600.00
2026-07-04,"Exotic Dark Truffle Chocolate 150g",2,420.00
2026-07-05,"Maggi 2-Minute Noodles 70g",18,14.00
2026-07-05,"Nestle Classic Coffee 50g",6,175.00
2026-07-05,"Coca-Cola Original 750ml",14,45.00
2026-07-05,"Pepsi Can 300ml",8,40.00
2026-07-05,"Real Fruit Juice Mixed Fruit 1L",5,120.00
2026-07-05,"Parle-G Gold Biscuits 1kg",8,130.00
2026-07-05,"Britannia Good Day Butter 200g",10,50.00
2026-07-05,"Britannia Marie Gold 250g",8,35.00
2026-07-05,"Lay's Classic Salted Chips 50g",14,20.00
2026-07-05,"Kurkure Masala Munch 80g",12,20.00
2026-07-05,"Amul Taaza Homogenised Toned Milk 1L",20,72.00
2026-07-05,"Amul Salted Butter 500g",6,275.00
2026-07-05,"Kellogg's Corn Flakes 475g",4,220.00
2026-07-05,"Aashirvaad Superior MP Sharbati Atta 5kg",8,310.00
2026-07-05,"Tata Salt Vacuum Evaporated 1kg",19,28.00
2026-07-05,"Tata Sampann Toor Dal 1kg",8,175.00
2026-07-05,"Fortune Sunlite Refined Sunflower Oil 1L",11,155.00
2026-07-05,"Surf Excel Easy Wash Detergent Powder 1kg",5,145.00
2026-07-05,"Vim Dishwash Liquid Gel 500ml",7,130.00
2026-07-05,"Colgate MaxFresh Blue Gel Toothpaste 150g",7,120.00
2026-07-05,"Head & Shoulders Anti-Dandruff Shampoo 340ml",4,320.00
2026-07-05,"Dettol Original Bathing Soap (Pack of 4)",9,190.00
2026-07-05,"Premium Saffron Special Tea 250g",2,600.00
2026-07-05,"Exotic Dark Truffle Chocolate 150g",3,420.00
2026-07-06,"Maggi 2-Minute Noodles 70g",15,14.00
2026-07-06,"Nestle Classic Coffee 50g",5,175.00
2026-07-06,"Coca-Cola Original 750ml",12,45.00
2026-07-06,"Pepsi Can 300ml",9,40.00
2026-07-06,"Real Fruit Juice Mixed Fruit 1L",6,120.00
2026-07-06,"Parle-G Gold Biscuits 1kg",7,130.00
2026-07-06,"Britannia Good Day Butter 200g",10,50.00
2026-07-06,"Britannia Marie Gold 250g",8,35.00
2026-07-06,"Lay's Classic Salted Chips 50g",14,20.00
2026-07-06,"Kurkure Masala Munch 80g",16,20.00
2026-07-06,"Amul Taaza Homogenised Toned Milk 1L",19,72.00
2026-07-06,"Amul Salted Butter 500g",9,275.00
2026-07-06,"Kellogg's Corn Flakes 475g",3,220.00
2026-07-06,"Aashirvaad Superior MP Sharbati Atta 5kg",8,310.00
2026-07-06,"Tata Salt Vacuum Evaporated 1kg",17,28.00
2026-07-06,"Tata Sampann Toor Dal 1kg",7,175.00
2026-07-06,"Fortune Sunlite Refined Sunflower Oil 1L",9,155.00
2026-07-06,"Surf Excel Easy Wash Detergent Powder 1kg",6,145.00
2026-07-06,"Vim Dishwash Liquid Gel 500ml",6,130.00
2026-07-06,"Colgate MaxFresh Blue Gel Toothpaste 150g",9,120.00
2026-07-06,"Head & Shoulders Anti-Dandruff Shampoo 340ml",3,320.00
2026-07-06,"Dettol Original Bathing Soap (Pack of 4)",6,190.00
2026-07-06,"Premium Saffron Special Tea 250g",1,600.00
2026-07-06,"Exotic Dark Truffle Chocolate 150g",2,420.00
2026-07-07,"Maggi 2-Minute Noodles 70g",17,14.00
2026-07-07,"Nestle Classic Coffee 50g",6,175.00
2026-07-07,"Coca-Cola Original 750ml",14,45.00
2026-07-07,"Pepsi Can 300ml",11,40.00
2026-07-07,"Real Fruit Juice Mixed Fruit 1L",7,120.00
2026-07-07,"Parle-G Gold Biscuits 1kg",8,130.00
2026-07-07,"Britannia Good Day Butter 200g",12,50.00
2026-07-07,"Britannia Marie Gold 250g",11,35.00
2026-07-07,"Lay's Classic Salted Chips 50g",15,20.00
2026-07-07,"Kurkure Masala Munch 80g",14,20.00
2026-07-07,"Amul Taaza Homogenised Toned Milk 1L",21,72.00
2026-07-07,"Amul Salted Butter 500g",8,275.00
2026-07-07,"Kellogg's Corn Flakes 475g",4,220.00
2026-07-07,"Aashirvaad Superior MP Sharbati Atta 5kg",10,310.00
2026-07-07,"Tata Salt Vacuum Evaporated 1kg",19,28.00
2026-07-07,"Tata Sampann Toor Dal 1kg",8,175.00
2026-07-07,"Fortune Sunlite Refined Sunflower Oil 1L",13,155.00
2026-07-07,"Surf Excel Easy Wash Detergent Powder 1kg",8,145.00
2026-07-07,"Vim Dishwash Liquid Gel 500ml",5,130.00
2026-07-07,"Colgate MaxFresh Blue Gel Toothpaste 150g",6,120.00
2026-07-07,"Head & Shoulders Anti-Dandruff Shampoo 340ml",3,320.00
2026-07-07,"Dettol Original Bathing Soap (Pack of 4)",6,190.00
2026-07-07,"Premium Saffron Special Tea 250g",2,600.00
2026-07-07,"Exotic Dark Truffle Chocolate 150g",2,420.00
2026-07-08,"Maggi 2-Minute Noodles 70g",22,14.00
2026-07-08,"Nestle Classic Coffee 50g",5,175.00
2026-07-08,"Coca-Cola Original 750ml",12,45.00
2026-07-08,"Pepsi Can 300ml",10,40.00
2026-07-08,"Real Fruit Juice Mixed Fruit 1L",5,120.00
2026-07-08,"Parle-G Gold Biscuits 1kg",8,130.00
2026-07-08,"Britannia Good Day Butter 200g",14,50.00
2026-07-08,"Britannia Marie Gold 250g",12,35.00
2026-07-08,"Lay's Classic Salted Chips 50g",14,20.00
2026-07-08,"Kurkure Masala Munch 80g",17,20.00
2026-07-08,"Amul Taaza Homogenised Toned Milk 1L",22,72.00
2026-07-08,"Amul Salted Butter 500g",7,275.00
2026-07-08,"Kellogg's Corn Flakes 475g",4,220.00
2026-07-08,"Aashirvaad Superior MP Sharbati Atta 5kg",8,310.00
2026-07-08,"Tata Salt Vacuum Evaporated 1kg",18,28.00
2026-07-08,"Tata Sampann Toor Dal 1kg",6,175.00
2026-07-08,"Fortune Sunlite Refined Sunflower Oil 1L",12,155.00
2026-07-08,"Surf Excel Easy Wash Detergent Powder 1kg",6,145.00
2026-07-08,"Vim Dishwash Liquid Gel 500ml",5,130.00
2026-07-08,"Colgate MaxFresh Blue Gel Toothpaste 150g",7,120.00
2026-07-08,"Head & Shoulders Anti-Dandruff Shampoo 340ml",5,320.00
2026-07-08,"Dettol Original Bathing Soap (Pack of 4)",7,190.00
2026-07-08,"Premium Saffron Special Tea 250g",2,600.00
2026-07-08,"Exotic Dark Truffle Chocolate 150g",2,420.00
2026-07-09,"Maggi 2-Minute Noodles 70g",18,14.00
2026-07-09,"Nestle Classic Coffee 50g",5,175.00
2026-07-09,"Coca-Cola Original 750ml",14,45.00
2026-07-09,"Pepsi Can 300ml",10,40.00
2026-07-09,"Real Fruit Juice Mixed Fruit 1L",6,120.00
2026-07-09,"Parle-G Gold Biscuits 1kg",8,130.00
2026-07-09,"Britannia Good Day Butter 200g",13,50.00
2026-07-09,"Britannia Marie Gold 250g",12,35.00
2026-07-09,"Lay's Classic Salted Chips 50g",16,20.00
2026-07-09,"Kurkure Masala Munch 80g",16,20.00
2026-07-09,"Amul Taaza Homogenised Toned Milk 1L",22,72.00
2026-07-09,"Amul Salted Butter 500g",6,275.00
2026-07-09,"Kellogg's Corn Flakes 475g",4,220.00
2026-07-09,"Aashirvaad Superior MP Sharbati Atta 5kg",9,310.00
2026-07-09,"Tata Salt Vacuum Evaporated 1kg",17,28.00
2026-07-09,"Tata Sampann Toor Dal 1kg",7,175.00
2026-07-09,"Fortune Sunlite Refined Sunflower Oil 1L",11,155.00
2026-07-09,"Surf Excel Easy Wash Detergent Powder 1kg",7,145.00
2026-07-09,"Vim Dishwash Liquid Gel 500ml",7,130.00
2026-07-09,"Colgate MaxFresh Blue Gel Toothpaste 150g",8,120.00
2026-07-09,"Head & Shoulders Anti-Dandruff Shampoo 340ml",4,320.00
2026-07-09,"Dettol Original Bathing Soap (Pack of 4)",7,190.00
2026-07-09,"Premium Saffron Special Tea 250g",2,600.00
2026-07-09,"Exotic Dark Truffle Chocolate 150g",2,420.00
2026-07-10,"Maggi 2-Minute Noodles 70g",24,14.00
2026-07-10,"Nestle Classic Coffee 50g",6,175.00
2026-07-10,"Coca-Cola Original 750ml",20,45.00
2026-07-10,"Pepsi Can 300ml",14,40.00
2026-07-10,"Real Fruit Juice Mixed Fruit 1L",8,120.00
2026-07-10,"Parle-G Gold Biscuits 1kg",11,130.00
2026-07-10,"Britannia Good Day Butter 200g",15,50.00
2026-07-10,"Britannia Marie Gold 250g",14,35.00
2026-07-10,"Lay's Classic Salted Chips 50g",23,20.00
2026-07-10,"Kurkure Masala Munch 80g",21,20.00
2026-07-10,"Amul Taaza Homogenised Toned Milk 1L",30,72.00
2026-07-10,"Amul Salted Butter 500g",10,275.00
2026-07-10,"Kellogg's Corn Flakes 475g",5,220.00
2026-07-10,"Aashirvaad Superior MP Sharbati Atta 5kg",11,310.00
2026-07-10,"Tata Salt Vacuum Evaporated 1kg",25,28.00
2026-07-10,"Tata Sampann Toor Dal 1kg",10,175.00
2026-07-10,"Fortune Sunlite Refined Sunflower Oil 1L",15,155.00
2026-07-10,"Surf Excel Easy Wash Detergent Powder 1kg",9,145.00
2026-07-10,"Vim Dishwash Liquid Gel 500ml",7,130.00
2026-07-10,"Colgate MaxFresh Blue Gel Toothpaste 150g",12,120.00
2026-07-10,"Head & Shoulders Anti-Dandruff Shampoo 340ml",7,320.00
2026-07-10,"Dettol Original Bathing Soap (Pack of 4)",11,190.00
2026-07-10,"Premium Saffron Special Tea 250g",3,600.00
2026-07-10,"Exotic Dark Truffle Chocolate 150g",2,420.00
2026-07-11,"Maggi 2-Minute Noodles 70g",22,14.00
2026-07-11,"Nestle Classic Coffee 50g",7,175.00
2026-07-11,"Coca-Cola Original 750ml",21,45.00
2026-07-11,"Pepsi Can 300ml",13,40.00
2026-07-11,"Real Fruit Juice Mixed Fruit 1L",7,120.00
2026-07-11,"Parle-G Gold Biscuits 1kg",10,130.00
2026-07-11,"Britannia Good Day Butter 200g",16,50.00
2026-07-11,"Britannia Marie Gold 250g",16,35.00
2026-07-11,"Lay's Classic Salted Chips 50g",21,20.00
2026-07-11,"Kurkure Masala Munch 80g",21,20.00
2026-07-11,"Amul Taaza Homogenised Toned Milk 1L",32,72.00
2026-07-11,"Amul Salted Butter 500g",9,275.00
2026-07-11,"Kellogg's Corn Flakes 475g",4,220.00
2026-07-11,"Aashirvaad Superior MP Sharbati Atta 5kg",12,310.00
2026-07-11,"Tata Salt Vacuum Evaporated 1kg",24,28.00
2026-07-11,"Tata Sampann Toor Dal 1kg",13,175.00
2026-07-11,"Fortune Sunlite Refined Sunflower Oil 1L",14,155.00
2026-07-11,"Surf Excel Easy Wash Detergent Powder 1kg",8,145.00
2026-07-11,"Vim Dishwash Liquid Gel 500ml",8,130.00
2026-07-11,"Colgate MaxFresh Blue Gel Toothpaste 150g",10,120.00
2026-07-11,"Head & Shoulders Anti-Dandruff Shampoo 340ml",6,320.00
2026-07-11,"Dettol Original Bathing Soap (Pack of 4)",10,190.00
2026-07-11,"Exotic Dark Truffle Chocolate 150g",3,420.00
2026-07-12,"Maggi 2-Minute Noodles 70g",15,14.00
2026-07-12,"Nestle Classic Coffee 50g",5,175.00
2026-07-12,"Coca-Cola Original 750ml",14,45.00
2026-07-12,"Pepsi Can 300ml",9,40.00
2026-07-12,"Real Fruit Juice Mixed Fruit 1L",6,120.00
2026-07-12,"Parle-G Gold Biscuits 1kg",9,130.00
2026-07-12,"Britannia Good Day Butter 200g",10,50.00
2026-07-12,"Britannia Marie Gold 250g",8,35.00
2026-07-12,"Lay's Classic Salted Chips 50g",19,20.00
2026-07-12,"Kurkure Masala Munch 80g",15,20.00
2026-07-12,"Amul Taaza Homogenised Toned Milk 1L",24,72.00
2026-07-12,"Amul Salted Butter 500g",7,275.00
2026-07-12,"Kellogg's Corn Flakes 475g",4,220.00
2026-07-12,"Aashirvaad Superior MP Sharbati Atta 5kg",8,310.00
2026-07-12,"Tata Salt Vacuum Evaporated 1kg",21,28.00
2026-07-12,"Tata Sampann Toor Dal 1kg",9,175.00
2026-07-12,"Fortune Sunlite Refined Sunflower Oil 1L",13,155.00
2026-07-12,"Surf Excel Easy Wash Detergent Powder 1kg",6,145.00
2026-07-12,"Vim Dishwash Liquid Gel 500ml",7,130.00
2026-07-12,"Colgate MaxFresh Blue Gel Toothpaste 150g",7,120.00
2026-07-12,"Head & Shoulders Anti-Dandruff Shampoo 340ml",4,320.00
2026-07-12,"Dettol Original Bathing Soap (Pack of 4)",6,190.00
2026-07-12,"Exotic Dark Truffle Chocolate 150g",3,420.00
2026-07-13,"Maggi 2-Minute Noodles 70g",23,14.00
2026-07-13,"Nestle Classic Coffee 50g",4,175.00
2026-07-13,"Coca-Cola Original 750ml",15,45.00
2026-07-13,"Pepsi Can 300ml",14,40.00
2026-07-13,"Real Fruit Juice Mixed Fruit 1L",6,120.00
2026-07-13,"Parle-G Gold Biscuits 1kg",10,130.00
2026-07-13,"Britannia Good Day Butter 200g",10,50.00
2026-07-13,"Britannia Marie Gold 250g",12,35.00
2026-07-13,"Lay's Classic Salted Chips 50g",17,20.00
2026-07-13,"Kurkure Masala Munch 80g",13,20.00
2026-07-13,"Amul Taaza Homogenised Toned Milk 1L",25,72.00
2026-07-13,"Amul Salted Butter 500g",6,275.00
2026-07-13,"Kellogg's Corn Flakes 475g",4,220.00
2026-07-13,"Aashirvaad Superior MP Sharbati Atta 5kg",10,310.00
2026-07-13,"Tata Salt Vacuum Evaporated 1kg",18,28.00
2026-07-13,"Tata Sampann Toor Dal 1kg",6,175.00
2026-07-13,"Fortune Sunlite Refined Sunflower Oil 1L",11,155.00
2026-07-13,"Surf Excel Easy Wash Detergent Powder 1kg",8,145.00
2026-07-13,"Vim Dishwash Liquid Gel 500ml",6,130.00
2026-07-13,"Colgate MaxFresh Blue Gel Toothpaste 150g",9,120.00
2026-07-13,"Head & Shoulders Anti-Dandruff Shampoo 340ml",4,320.00
2026-07-13,"Dettol Original Bathing Soap (Pack of 4)",6,190.00
2026-07-13,"Exotic Dark Truffle Chocolate 150g",2,420.00
2026-07-14,"Maggi 2-Minute Noodles 70g",17,14.00
2026-07-14,"Nestle Classic Coffee 50g",4,175.00
2026-07-14,"Coca-Cola Original 750ml",16,45.00
2026-07-14,"Pepsi Can 300ml",11,40.00
2026-07-14,"Real Fruit Juice Mixed Fruit 1L",6,120.00
2026-07-14,"Parle-G Gold Biscuits 1kg",7,130.00
2026-07-14,"Britannia Good Day Butter 200g",15,50.00
2026-07-14,"Britannia Marie Gold 250g",11,35.00
2026-07-14,"Lay's Classic Salted Chips 50g",16,20.00
2026-07-14,"Kurkure Masala Munch 80g",15,20.00
2026-07-14,"Amul Taaza Homogenised Toned Milk 1L",22,72.00
2026-07-14,"Amul Salted Butter 500g",5,275.00
2026-07-14,"Kellogg's Corn Flakes 475g",3,220.00
2026-07-14,"Aashirvaad Superior MP Sharbati Atta 5kg",9,310.00
2026-07-14,"Tata Salt Vacuum Evaporated 1kg",19,28.00
2026-07-14,"Tata Sampann Toor Dal 1kg",7,175.00
2026-07-14,"Fortune Sunlite Refined Sunflower Oil 1L",12,155.00
2026-07-14,"Surf Excel Easy Wash Detergent Powder 1kg",6,145.00
2026-07-14,"Vim Dishwash Liquid Gel 500ml",5,130.00
2026-07-14,"Colgate MaxFresh Blue Gel Toothpaste 150g",8,120.00
2026-07-14,"Head & Shoulders Anti-Dandruff Shampoo 340ml",4,320.00
2026-07-14,"Dettol Original Bathing Soap (Pack of 4)",6,190.00
2026-07-14,"Exotic Dark Truffle Chocolate 150g",2,420.00
2026-07-15,"Maggi 2-Minute Noodles 70g",17,14.00
2026-07-15,"Nestle Classic Coffee 50g",5,175.00
2026-07-15,"Coca-Cola Original 750ml",16,45.00
2026-07-15,"Pepsi Can 300ml",8,40.00
2026-07-15,"Real Fruit Juice Mixed Fruit 1L",6,120.00
2026-07-15,"Parle-G Gold Biscuits 1kg",6,130.00
2026-07-15,"Britannia Good Day Butter 200g",12,50.00
2026-07-15,"Britannia Marie Gold 250g",12,35.00
2026-07-15,"Lay's Classic Salted Chips 50g",15,20.00
2026-07-15,"Kurkure Masala Munch 80g",16,20.00
2026-07-15,"Amul Taaza Homogenised Toned Milk 1L",21,72.00
2026-07-15,"Amul Salted Butter 500g",6,275.00
2026-07-15,"Kellogg's Corn Flakes 475g",5,220.00
2026-07-15,"Aashirvaad Superior MP Sharbati Atta 5kg",9,310.00
2026-07-15,"Tata Salt Vacuum Evaporated 1kg",17,28.00
2026-07-15,"Tata Sampann Toor Dal 1kg",8,175.00
2026-07-15,"Fortune Sunlite Refined Sunflower Oil 1L",13,155.00
2026-07-15,"Surf Excel Easy Wash Detergent Powder 1kg",7,145.00
2026-07-15,"Vim Dishwash Liquid Gel 500ml",7,130.00
2026-07-15,"Colgate MaxFresh Blue Gel Toothpaste 150g",7,120.00
2026-07-15,"Head & Shoulders Anti-Dandruff Shampoo 340ml",5,320.00
2026-07-15,"Dettol Original Bathing Soap (Pack of 4)",5,190.00
2026-07-15,"Exotic Dark Truffle Chocolate 150g",2,420.00
2026-07-16,"Maggi 2-Minute Noodles 70g",14,14.00
2026-07-16,"Nestle Classic Coffee 50g",4,175.00
2026-07-16,"Coca-Cola Original 750ml",13,45.00
2026-07-16,"Pepsi Can 300ml",10,40.00
2026-07-16,"Real Fruit Juice Mixed Fruit 1L",7,120.00
2026-07-16,"Parle-G Gold Biscuits 1kg",8,130.00
2026-07-16,"Britannia Good Day Butter 200g",14,50.00
2026-07-16,"Britannia Marie Gold 250g",10,35.00
2026-07-16,"Lay's Classic Salted Chips 50g",17,20.00
2026-07-16,"Kurkure Masala Munch 80g",14,20.00
2026-07-16,"Amul Taaza Homogenised Toned Milk 1L",24,72.00
2026-07-16,"Amul Salted Butter 500g",8,275.00
2026-07-16,"Kellogg's Corn Flakes 475g",4,220.00
2026-07-16,"Aashirvaad Superior MP Sharbati Atta 5kg",7,310.00
2026-07-16,"Tata Salt Vacuum Evaporated 1kg",20,28.00
2026-07-16,"Tata Sampann Toor Dal 1kg",9,175.00
2026-07-16,"Fortune Sunlite Refined Sunflower Oil 1L",10,155.00
2026-07-16,"Surf Excel Easy Wash Detergent Powder 1kg",6,145.00
2026-07-16,"Vim Dishwash Liquid Gel 500ml",5,130.00
2026-07-16,"Colgate MaxFresh Blue Gel Toothpaste 150g",9,120.00
2026-07-16,"Head & Shoulders Anti-Dandruff Shampoo 340ml",3,320.00
2026-07-16,"Dettol Original Bathing Soap (Pack of 4)",8,190.00
2026-07-17,"Maggi 2-Minute Noodles 70g",27,14.00
2026-07-17,"Nestle Classic Coffee 50g",7,175.00
2026-07-17,"Coca-Cola Original 750ml",20,45.00
2026-07-17,"Pepsi Can 300ml",15,40.00
2026-07-17,"Real Fruit Juice Mixed Fruit 1L",8,120.00
2026-07-17,"Parle-G Gold Biscuits 1kg",11,130.00
2026-07-17,"Britannia Good Day Butter 200g",19,50.00
2026-07-17,"Britannia Marie Gold 250g",16,35.00
2026-07-17,"Lay's Classic Salted Chips 50g",20,20.00
2026-07-17,"Kurkure Masala Munch 80g",18,20.00
2026-07-17,"Amul Taaza Homogenised Toned Milk 1L",25,72.00
2026-07-17,"Amul Salted Butter 500g",10,275.00
2026-07-17,"Kellogg's Corn Flakes 475g",5,220.00
2026-07-17,"Aashirvaad Superior MP Sharbati Atta 5kg",11,310.00
2026-07-17,"Tata Salt Vacuum Evaporated 1kg",29,28.00
2026-07-17,"Tata Sampann Toor Dal 1kg",11,175.00
2026-07-17,"Fortune Sunlite Refined Sunflower Oil 1L",13,155.00
2026-07-17,"Surf Excel Easy Wash Detergent Powder 1kg",9,145.00
2026-07-17,"Vim Dishwash Liquid Gel 500ml",9,130.00
2026-07-17,"Colgate MaxFresh Blue Gel Toothpaste 150g",11,120.00
2026-07-17,"Head & Shoulders Anti-Dandruff Shampoo 340ml",5,320.00
2026-07-17,"Dettol Original Bathing Soap (Pack of 4)",8,190.00
2026-07-18,"Maggi 2-Minute Noodles 70g",27,14.00
2026-07-18,"Nestle Classic Coffee 50g",8,175.00
2026-07-18,"Coca-Cola Original 750ml",20,45.00
2026-07-18,"Pepsi Can 300ml",12,40.00
2026-07-18,"Real Fruit Juice Mixed Fruit 1L",9,120.00
2026-07-18,"Parle-G Gold Biscuits 1kg",10,130.00
2026-07-18,"Britannia Good Day Butter 200g",17,50.00
2026-07-18,"Britannia Marie Gold 250g",17,35.00
2026-07-18,"Lay's Classic Salted Chips 50g",21,20.00
2026-07-18,"Kurkure Masala Munch 80g",18,20.00
2026-07-18,"Amul Taaza Homogenised Toned Milk 1L",29,72.00
2026-07-18,"Amul Salted Butter 500g",10,275.00
2026-07-18,"Kellogg's Corn Flakes 475g",5,220.00
2026-07-18,"Aashirvaad Superior MP Sharbati Atta 5kg",11,310.00
2026-07-18,"Tata Salt Vacuum Evaporated 1kg",24,28.00
2026-07-18,"Tata Sampann Toor Dal 1kg",11,175.00
2026-07-18,"Fortune Sunlite Refined Sunflower Oil 1L",14,155.00
2026-07-18,"Surf Excel Easy Wash Detergent Powder 1kg",10,145.00
2026-07-18,"Vim Dishwash Liquid Gel 500ml",8,130.00
2026-07-18,"Colgate MaxFresh Blue Gel Toothpaste 150g",11,120.00
2026-07-18,"Head & Shoulders Anti-Dandruff Shampoo 340ml",6,320.00
2026-07-18,"Dettol Original Bathing Soap (Pack of 4)",9,190.00
2026-07-19,"Maggi 2-Minute Noodles 70g",19,14.00
2026-07-19,"Nestle Classic Coffee 50g",4,175.00
2026-07-19,"Coca-Cola Original 750ml",14,45.00
2026-07-19,"Pepsi Can 300ml",10,40.00
2026-07-19,"Real Fruit Juice Mixed Fruit 1L",6,120.00
2026-07-19,"Parle-G Gold Biscuits 1kg",8,130.00
2026-07-19,"Britannia Good Day Butter 200g",14,50.00
2026-07-19,"Britannia Marie Gold 250g",11,35.00
2026-07-19,"Lay's Classic Salted Chips 50g",19,20.00
2026-07-19,"Kurkure Masala Munch 80g",16,20.00
2026-07-19,"Amul Taaza Homogenised Toned Milk 1L",23,72.00
2026-07-19,"Amul Salted Butter 500g",5,275.00
2026-07-19,"Kellogg's Corn Flakes 475g",3,220.00
2026-07-19,"Aashirvaad Superior MP Sharbati Atta 5kg",8,310.00
2026-07-19,"Tata Salt Vacuum Evaporated 1kg",18,28.00
2026-07-19,"Tata Sampann Toor Dal 1kg",8,175.00
2026-07-19,"Fortune Sunlite Refined Sunflower Oil 1L",10,155.00
2026-07-19,"Surf Excel Easy Wash Detergent Powder 1kg",5,145.00
2026-07-19,"Vim Dishwash Liquid Gel 500ml",5,130.00
2026-07-19,"Colgate MaxFresh Blue Gel Toothpaste 150g",6,120.00
2026-07-19,"Head & Shoulders Anti-Dandruff Shampoo 340ml",5,320.00
2026-07-19,"Dettol Original Bathing Soap (Pack of 4)",8,190.00
2026-07-20,"Maggi 2-Minute Noodles 70g",20,14.00
2026-07-20,"Nestle Classic Coffee 50g",5,175.00
2026-07-20,"Coca-Cola Original 750ml",14,45.00
2026-07-20,"Pepsi Can 300ml",9,40.00
2026-07-20,"Real Fruit Juice Mixed Fruit 1L",6,120.00
2026-07-20,"Parle-G Gold Biscuits 1kg",8,130.00
2026-07-20,"Britannia Good Day Butter 200g",10,50.00
2026-07-20,"Britannia Marie Gold 250g",10,35.00
2026-07-20,"Lay's Classic Salted Chips 50g",18,20.00
2026-07-20,"Kurkure Masala Munch 80g",12,20.00
2026-07-20,"Amul Taaza Homogenised Toned Milk 1L",21,72.00
2026-07-20,"Amul Salted Butter 500g",7,275.00
2026-07-20,"Kellogg's Corn Flakes 475g",4,220.00
2026-07-20,"Aashirvaad Superior MP Sharbati Atta 5kg",8,310.00
2026-07-20,"Tata Salt Vacuum Evaporated 1kg",18,28.00
2026-07-20,"Tata Sampann Toor Dal 1kg",9,175.00
2026-07-20,"Fortune Sunlite Refined Sunflower Oil 1L",13,155.00
2026-07-20,"Surf Excel Easy Wash Detergent Powder 1kg",8,145.00
2026-07-20,"Vim Dishwash Liquid Gel 500ml",7,130.00
2026-07-20,"Colgate MaxFresh Blue Gel Toothpaste 150g",8,120.00
2026-07-20,"Head & Shoulders Anti-Dandruff Shampoo 340ml",4,320.00
2026-07-20,"Dettol Original Bathing Soap (Pack of 4)",6,190.00
2026-07-21,"Maggi 2-Minute Noodles 70g",19,14.00
2026-07-21,"Nestle Classic Coffee 50g",4,175.00
2026-07-21,"Coca-Cola Original 750ml",13,45.00
2026-07-21,"Pepsi Can 300ml",10,40.00
2026-07-21,"Real Fruit Juice Mixed Fruit 1L",7,120.00
2026-07-21,"Parle-G Gold Biscuits 1kg",9,130.00
2026-07-21,"Britannia Good Day Butter 200g",13,50.00
2026-07-21,"Britannia Marie Gold 250g",11,35.00
2026-07-21,"Lay's Classic Salted Chips 50g",14,20.00
2026-07-21,"Kurkure Masala Munch 80g",15,20.00
2026-07-21,"Amul Taaza Homogenised Toned Milk 1L",24,72.00
2026-07-21,"Amul Salted Butter 500g",8,275.00
2026-07-21,"Kellogg's Corn Flakes 475g",4,220.00
2026-07-21,"Aashirvaad Superior MP Sharbati Atta 5kg",10,310.00
2026-07-21,"Tata Salt Vacuum Evaporated 1kg",16,28.00
2026-07-21,"Tata Sampann Toor Dal 1kg",8,175.00
2026-07-21,"Fortune Sunlite Refined Sunflower Oil 1L",11,155.00
2026-07-21,"Surf Excel Easy Wash Detergent Powder 1kg",9,145.00
2026-07-21,"Vim Dishwash Liquid Gel 500ml",6,130.00
2026-07-21,"Colgate MaxFresh Blue Gel Toothpaste 150g",8,120.00
2026-07-21,"Head & Shoulders Anti-Dandruff Shampoo 340ml",5,320.00
2026-07-21,"Dettol Original Bathing Soap (Pack of 4)",7,190.00
2026-07-22,"Maggi 2-Minute Noodles 70g",18,14.00
2026-07-22,"Nestle Classic Coffee 50g",4,175.00
2026-07-22,"Coca-Cola Original 750ml",15,45.00
2026-07-22,"Pepsi Can 300ml",9,40.00
2026-07-22,"Real Fruit Juice Mixed Fruit 1L",6,120.00
2026-07-22,"Parle-G Gold Biscuits 1kg",8,130.00
2026-07-22,"Britannia Good Day Butter 200g",13,50.00
2026-07-22,"Britannia Marie Gold 250g",11,35.00
2026-07-22,"Lay's Classic Salted Chips 50g",17,20.00
2026-07-22,"Kurkure Masala Munch 80g",11,20.00
2026-07-22,"Amul Taaza Homogenised Toned Milk 1L",24,72.00
2026-07-22,"Amul Salted Butter 500g",7,275.00
2026-07-22,"Kellogg's Corn Flakes 475g",4,220.00
2026-07-22,"Aashirvaad Superior MP Sharbati Atta 5kg",8,310.00
2026-07-22,"Tata Salt Vacuum Evaporated 1kg",19,28.00
2026-07-22,"Tata Sampann Toor Dal 1kg",9,175.00
2026-07-22,"Fortune Sunlite Refined Sunflower Oil 1L",10,155.00
2026-07-22,"Surf Excel Easy Wash Detergent Powder 1kg",9,145.00
2026-07-22,"Vim Dishwash Liquid Gel 500ml",5,130.00
2026-07-22,"Colgate MaxFresh Blue Gel Toothpaste 150g",9,120.00
2026-07-22,"Head & Shoulders Anti-Dandruff Shampoo 340ml",5,320.00
2026-07-22,"Dettol Original Bathing Soap (Pack of 4)",7,190.00
2026-07-23,"Maggi 2-Minute Noodles 70g",20,14.00
2026-07-23,"Nestle Classic Coffee 50g",6,175.00
2026-07-23,"Coca-Cola Original 750ml",14,45.00
2026-07-23,"Pepsi Can 300ml",11,40.00
2026-07-23,"Real Fruit Juice Mixed Fruit 1L",7,120.00
2026-07-23,"Parle-G Gold Biscuits 1kg",8,130.00
2026-07-23,"Britannia Good Day Butter 200g",12,50.00
2026-07-23,"Britannia Marie Gold 250g",9,35.00
2026-07-23,"Lay's Classic Salted Chips 50g",14,20.00
2026-07-23,"Kurkure Masala Munch 80g",16,20.00
2026-07-23,"Amul Taaza Homogenised Toned Milk 1L",23,72.00
2026-07-23,"Amul Salted Butter 500g",8,275.00
2026-07-23,"Kellogg's Corn Flakes 475g",4,220.00
2026-07-23,"Aashirvaad Superior MP Sharbati Atta 5kg",8,310.00
2026-07-23,"Tata Salt Vacuum Evaporated 1kg",20,28.00
2026-07-23,"Tata Sampann Toor Dal 1kg",10,175.00
2026-07-23,"Fortune Sunlite Refined Sunflower Oil 1L",11,155.00
2026-07-23,"Surf Excel Easy Wash Detergent Powder 1kg",6,145.00
2026-07-23,"Vim Dishwash Liquid Gel 500ml",7,130.00
2026-07-23,"Colgate MaxFresh Blue Gel Toothpaste 150g",9,120.00
2026-07-23,"Head & Shoulders Anti-Dandruff Shampoo 340ml",4,320.00
2026-07-23,"Dettol Original Bathing Soap (Pack of 4)",7,190.00
2026-07-24,"Maggi 2-Minute Noodles 70g",25,14.00
2026-07-24,"Nestle Classic Coffee 50g",6,175.00
2026-07-24,"Coca-Cola Original 750ml",19,45.00
2026-07-24,"Pepsi Can 300ml",17,40.00
2026-07-24,"Real Fruit Juice Mixed Fruit 1L",9,120.00
2026-07-24,"Parle-G Gold Biscuits 1kg",10,130.00
2026-07-24,"Britannia Good Day Butter 200g",18,50.00
2026-07-24,"Britannia Marie Gold 250g",16,35.00
2026-07-24,"Lay's Classic Salted Chips 50g",21,20.00
2026-07-24,"Kurkure Masala Munch 80g",19,20.00
2026-07-24,"Amul Taaza Homogenised Toned Milk 1L",29,72.00
2026-07-24,"Amul Salted Butter 500g",8,275.00
2026-07-24,"Kellogg's Corn Flakes 475g",5,220.00
2026-07-24,"Aashirvaad Superior MP Sharbati Atta 5kg",12,310.00
2026-07-24,"Tata Salt Vacuum Evaporated 1kg",26,28.00
2026-07-24,"Tata Sampann Toor Dal 1kg",10,175.00
2026-07-24,"Fortune Sunlite Refined Sunflower Oil 1L",16,155.00
2026-07-24,"Surf Excel Easy Wash Detergent Powder 1kg",10,145.00
2026-07-24,"Vim Dishwash Liquid Gel 500ml",8,130.00
2026-07-24,"Colgate MaxFresh Blue Gel Toothpaste 150g",11,120.00
2026-07-24,"Head & Shoulders Anti-Dandruff Shampoo 340ml",6,320.00
2026-07-24,"Dettol Original Bathing Soap (Pack of 4)",8,190.00
2026-07-25,"Maggi 2-Minute Noodles 70g",24,14.00
2026-07-25,"Nestle Classic Coffee 50g",6,175.00
2026-07-25,"Coca-Cola Original 750ml",19,45.00
2026-07-25,"Pepsi Can 300ml",15,40.00
2026-07-25,"Real Fruit Juice Mixed Fruit 1L",8,120.00
2026-07-25,"Parle-G Gold Biscuits 1kg",13,130.00
2026-07-25,"Britannia Good Day Butter 200g",18,50.00
2026-07-25,"Britannia Marie Gold 250g",12,35.00
2026-07-25,"Lay's Classic Salted Chips 50g",20,20.00
2026-07-25,"Kurkure Masala Munch 80g",20,20.00
2026-07-25,"Amul Taaza Homogenised Toned Milk 1L",25,72.00
2026-07-25,"Amul Salted Butter 500g",10,275.00
2026-07-25,"Kellogg's Corn Flakes 475g",5,220.00
2026-07-25,"Aashirvaad Superior MP Sharbati Atta 5kg",12,310.00
2026-07-25,"Tata Salt Vacuum Evaporated 1kg",22,28.00
2026-07-25,"Tata Sampann Toor Dal 1kg",13,175.00
2026-07-25,"Fortune Sunlite Refined Sunflower Oil 1L",15,155.00
2026-07-25,"Surf Excel Easy Wash Detergent Powder 1kg",10,145.00
2026-07-25,"Vim Dishwash Liquid Gel 500ml",8,130.00
2026-07-25,"Colgate MaxFresh Blue Gel Toothpaste 150g",10,120.00
2026-07-25,"Head & Shoulders Anti-Dandruff Shampoo 340ml",4,320.00
2026-07-25,"Dettol Original Bathing Soap (Pack of 4)",10,190.00
2026-07-26,"Maggi 2-Minute Noodles 70g",14,14.00
2026-07-26,"Nestle Classic Coffee 50g",5,175.00
2026-07-26,"Coca-Cola Original 750ml",15,45.00
2026-07-26,"Pepsi Can 300ml",11,40.00
2026-07-26,"Real Fruit Juice Mixed Fruit 1L",6,120.00
2026-07-26,"Parle-G Gold Biscuits 1kg",8,130.00
2026-07-26,"Britannia Good Day Butter 200g",11,50.00
2026-07-26,"Britannia Marie Gold 250g",12,35.00
2026-07-26,"Lay's Classic Salted Chips 50g",16,20.00
2026-07-26,"Kurkure Masala Munch 80g",15,20.00
2026-07-26,"Amul Taaza Homogenised Toned Milk 1L",22,72.00
2026-07-26,"Amul Salted Butter 500g",7,275.00
2026-07-26,"Kellogg's Corn Flakes 475g",4,220.00
2026-07-26,"Aashirvaad Superior MP Sharbati Atta 5kg",9,310.00
2026-07-26,"Tata Salt Vacuum Evaporated 1kg",20,28.00
2026-07-26,"Tata Sampann Toor Dal 1kg",9,175.00
2026-07-26,"Fortune Sunlite Refined Sunflower Oil 1L",11,155.00
2026-07-26,"Surf Excel Easy Wash Detergent Powder 1kg",7,145.00
2026-07-26,"Vim Dishwash Liquid Gel 500ml",5,130.00
2026-07-26,"Colgate MaxFresh Blue Gel Toothpaste 150g",7,120.00
2026-07-26,"Head & Shoulders Anti-Dandruff Shampoo 340ml",4,320.00
2026-07-26,"Dettol Original Bathing Soap (Pack of 4)",7,190.00
2026-07-27,"Maggi 2-Minute Noodles 70g",15,14.00
2026-07-27,"Nestle Classic Coffee 50g",5,175.00
2026-07-27,"Coca-Cola Original 750ml",13,45.00
2026-07-27,"Pepsi Can 300ml",11,40.00
2026-07-27,"Real Fruit Juice Mixed Fruit 1L",6,120.00
2026-07-27,"Parle-G Gold Biscuits 1kg",8,130.00
2026-07-27,"Britannia Good Day Butter 200g",14,50.00
2026-07-27,"Britannia Marie Gold 250g",11,35.00
2026-07-27,"Lay's Classic Salted Chips 50g",15,20.00
2026-07-27,"Kurkure Masala Munch 80g",15,20.00
2026-07-27,"Amul Taaza Homogenised Toned Milk 1L",23,72.00
2026-07-27,"Amul Salted Butter 500g",7,275.00
2026-07-27,"Kellogg's Corn Flakes 475g",3,220.00
2026-07-27,"Aashirvaad Superior MP Sharbati Atta 5kg",10,310.00
2026-07-27,"Tata Salt Vacuum Evaporated 1kg",20,28.00
2026-07-27,"Tata Sampann Toor Dal 1kg",8,175.00
2026-07-27,"Fortune Sunlite Refined Sunflower Oil 1L",11,155.00
2026-07-27,"Surf Excel Easy Wash Detergent Powder 1kg",9,145.00
2026-07-27,"Vim Dishwash Liquid Gel 500ml",6,130.00
2026-07-27,"Colgate MaxFresh Blue Gel Toothpaste 150g",9,120.00
2026-07-27,"Head & Shoulders Anti-Dandruff Shampoo 340ml",4,320.00
2026-07-27,"Dettol Original Bathing Soap (Pack of 4)",6,190.00
2026-07-28,"Maggi 2-Minute Noodles 70g",16,14.00
2026-07-28,"Nestle Classic Coffee 50g",5,175.00
2026-07-28,"Coca-Cola Original 750ml",13,45.00
2026-07-28,"Pepsi Can 300ml",12,40.00
2026-07-28,"Real Fruit Juice Mixed Fruit 1L",6,120.00
2026-07-28,"Parle-G Gold Biscuits 1kg",8,130.00
2026-07-28,"Britannia Good Day Butter 200g",14,50.00
2026-07-28,"Britannia Marie Gold 250g",11,35.00
2026-07-28,"Lay's Classic Salted Chips 50g",16,20.00
2026-07-28,"Kurkure Masala Munch 80g",17,20.00
2026-07-28,"Amul Taaza Homogenised Toned Milk 1L",19,72.00
2026-07-28,"Amul Salted Butter 500g",6,275.00
2026-07-28,"Kellogg's Corn Flakes 475g",4,220.00
2026-07-28,"Aashirvaad Superior MP Sharbati Atta 5kg",8,310.00
2026-07-28,"Tata Salt Vacuum Evaporated 1kg",20,28.00
2026-07-28,"Tata Sampann Toor Dal 1kg",9,175.00
2026-07-28,"Fortune Sunlite Refined Sunflower Oil 1L",13,155.00
2026-07-28,"Surf Excel Easy Wash Detergent Powder 1kg",6,145.00
2026-07-28,"Vim Dishwash Liquid Gel 500ml",5,130.00
2026-07-28,"Colgate MaxFresh Blue Gel Toothpaste 150g",6,120.00
2026-07-28,"Head & Shoulders Anti-Dandruff Shampoo 340ml",5,320.00
2026-07-28,"Dettol Original Bathing Soap (Pack of 4)",9,190.00
2026-07-29,"Maggi 2-Minute Noodles 70g",16,14.00
2026-07-29,"Nestle Classic Coffee 50g",6,175.00
2026-07-29,"Coca-Cola Original 750ml",15,45.00
2026-07-29,"Pepsi Can 300ml",8,40.00
2026-07-29,"Real Fruit Juice Mixed Fruit 1L",6,120.00
2026-07-29,"Parle-G Gold Biscuits 1kg",9,130.00
2026-07-29,"Britannia Good Day Butter 200g",11,50.00
2026-07-29,"Britannia Marie Gold 250g",14,35.00
2026-07-29,"Lay's Classic Salted Chips 50g",17,20.00
2026-07-29,"Kurkure Masala Munch 80g",16,20.00
2026-07-29,"Amul Taaza Homogenised Toned Milk 1L",21,72.00
2026-07-29,"Amul Salted Butter 500g",6,275.00
2026-07-29,"Kellogg's Corn Flakes 475g",5,220.00
2026-07-29,"Aashirvaad Superior MP Sharbati Atta 5kg",10,310.00
2026-07-29,"Tata Salt Vacuum Evaporated 1kg",17,28.00
2026-07-29,"Tata Sampann Toor Dal 1kg",7,175.00
2026-07-29,"Fortune Sunlite Refined Sunflower Oil 1L",13,155.00
2026-07-29,"Surf Excel Easy Wash Detergent Powder 1kg",8,145.00
2026-07-29,"Vim Dishwash Liquid Gel 500ml",6,130.00
2026-07-29,"Colgate MaxFresh Blue Gel Toothpaste 150g",7,120.00
2026-07-29,"Head & Shoulders Anti-Dandruff Shampoo 340ml",4,320.00
2026-07-29,"Dettol Original Bathing Soap (Pack of 4)",9,190.00
2026-07-30,"Maggi 2-Minute Noodles 70g",15,14.00
2026-07-30,"Nestle Classic Coffee 50g",6,175.00
2026-07-30,"Coca-Cola Original 750ml",15,45.00
2026-07-30,"Pepsi Can 300ml",12,40.00
2026-07-30,"Real Fruit Juice Mixed Fruit 1L",6,120.00
2026-07-30,"Parle-G Gold Biscuits 1kg",8,130.00
2026-07-30,"Britannia Good Day Butter 200g",13,50.00
2026-07-30,"Britannia Marie Gold 250g",10,35.00
2026-07-30,"Lay's Classic Salted Chips 50g",16,20.00
2026-07-30,"Kurkure Masala Munch 80g",16,20.00
2026-07-30,"Amul Taaza Homogenised Toned Milk 1L",23,72.00
2026-07-30,"Amul Salted Butter 500g",7,275.00
2026-07-30,"Kellogg's Corn Flakes 475g",4,220.00
2026-07-30,"Aashirvaad Superior MP Sharbati Atta 5kg",8,310.00
2026-07-30,"Tata Salt Vacuum Evaporated 1kg",19,28.00
2026-07-30,"Tata Sampann Toor Dal 1kg",9,175.00
2026-07-30,"Fortune Sunlite Refined Sunflower Oil 1L",12,155.00
2026-07-30,"Surf Excel Easy Wash Detergent Powder 1kg",5,145.00
2026-07-30,"Vim Dishwash Liquid Gel 500ml",6,130.00
2026-07-30,"Colgate MaxFresh Blue Gel Toothpaste 150g",7,120.00
2026-07-30,"Head & Shoulders Anti-Dandruff Shampoo 340ml",3,320.00
2026-07-30,"Dettol Original Bathing Soap (Pack of 4)",8,190.00
2026-07-31,"Maggi 2-Minute Noodles 70g",24,14.00
2026-07-31,"Nestle Classic Coffee 50g",7,175.00
2026-07-31,"Coca-Cola Original 750ml",21,45.00
2026-07-31,"Pepsi Can 300ml",14,40.00
2026-07-31,"Real Fruit Juice Mixed Fruit 1L",7,120.00
2026-07-31,"Parle-G Gold Biscuits 1kg",10,130.00
2026-07-31,"Britannia Good Day Butter 200g",17,50.00
2026-07-31,"Britannia Marie Gold 250g",13,35.00
2026-07-31,"Lay's Classic Salted Chips 50g",20,20.00
2026-07-31,"Kurkure Masala Munch 80g",21,20.00
2026-07-31,"Amul Taaza Homogenised Toned Milk 1L",28,72.00
2026-07-31,"Amul Salted Butter 500g",9,275.00
2026-07-31,"Kellogg's Corn Flakes 475g",5,220.00
2026-07-31,"Aashirvaad Superior MP Sharbati Atta 5kg",12,310.00
2026-07-31,"Tata Salt Vacuum Evaporated 1kg",27,28.00
2026-07-31,"Tata Sampann Toor Dal 1kg",12,175.00
2026-07-31,"Fortune Sunlite Refined Sunflower Oil 1L",16,155.00
2026-07-31,"Surf Excel Easy Wash Detergent Powder 1kg",9,145.00
2026-07-31,"Vim Dishwash Liquid Gel 500ml",8,130.00
2026-07-31,"Colgate MaxFresh Blue Gel Toothpaste 150g",12,120.00
2026-07-31,"Head & Shoulders Anti-Dandruff Shampoo 340ml",5,320.00
2026-07-31,"Dettol Original Bathing Soap (Pack of 4)",11,190.00
2026-08-01,"Maggi 2-Minute Noodles 70g",24,14.00
2026-08-01,"Nestle Classic Coffee 50g",7,175.00
2026-08-01,"Coca-Cola Original 750ml",17,45.00
2026-08-01,"Pepsi Can 300ml",14,40.00
2026-08-01,"Real Fruit Juice Mixed Fruit 1L",9,120.00
2026-08-01,"Parle-G Gold Biscuits 1kg",10,130.00
2026-08-01,"Britannia Good Day Butter 200g",17,50.00
2026-08-01,"Britannia Marie Gold 250g",15,35.00
2026-08-01,"Lay's Classic Salted Chips 50g",21,20.00
2026-08-01,"Kurkure Masala Munch 80g",20,20.00
2026-08-01,"Amul Taaza Homogenised Toned Milk 1L",30,72.00
2026-08-01,"Amul Salted Butter 500g",8,275.00
2026-08-01,"Kellogg's Corn Flakes 475g",6,220.00
2026-08-01,"Aashirvaad Superior MP Sharbati Atta 5kg",11,310.00
2026-08-01,"Tata Salt Vacuum Evaporated 1kg",25,28.00
2026-08-01,"Tata Sampann Toor Dal 1kg",11,175.00
2026-08-01,"Fortune Sunlite Refined Sunflower Oil 1L",17,155.00
2026-08-01,"Surf Excel Easy Wash Detergent Powder 1kg",10,145.00
2026-08-01,"Vim Dishwash Liquid Gel 500ml",9,130.00
2026-08-01,"Colgate MaxFresh Blue Gel Toothpaste 150g",11,120.00
2026-08-01,"Head & Shoulders Anti-Dandruff Shampoo 340ml",5,320.00
2026-08-01,"Dettol Original Bathing Soap (Pack of 4)",10,190.00
2026-08-02,"Maggi 2-Minute Noodles 70g",18,14.00
2026-08-02,"Nestle Classic Coffee 50g",5,175.00
2026-08-02,"Coca-Cola Original 750ml",17,45.00
2026-08-02,"Pepsi Can 300ml",10,40.00
2026-08-02,"Real Fruit Juice Mixed Fruit 1L",6,120.00
2026-08-02,"Parle-G Gold Biscuits 1kg",8,130.00
2026-08-02,"Britannia Good Day Butter 200g",13,50.00
2026-08-02,"Britannia Marie Gold 250g",11,35.00
2026-08-02,"Lay's Classic Salted Chips 50g",18,20.00
2026-08-02,"Kurkure Masala Munch 80g",16,20.00
2026-08-02,"Amul Taaza Homogenised Toned Milk 1L",22,72.00
2026-08-02,"Amul Salted Butter 500g",7,275.00
2026-08-02,"Kellogg's Corn Flakes 475g",5,220.00
2026-08-02,"Aashirvaad Superior MP Sharbati Atta 5kg",9,310.00
2026-08-02,"Tata Salt Vacuum Evaporated 1kg",18,28.00
2026-08-02,"Tata Sampann Toor Dal 1kg",6,175.00
2026-08-02,"Fortune Sunlite Refined Sunflower Oil 1L",13,155.00
2026-08-02,"Surf Excel Easy Wash Detergent Powder 1kg",7,145.00
2026-08-02,"Vim Dishwash Liquid Gel 500ml",7,130.00
2026-08-02,"Colgate MaxFresh Blue Gel Toothpaste 150g",8,120.00
2026-08-02,"Head & Shoulders Anti-Dandruff Shampoo 340ml",5,320.00
2026-08-02,"Dettol Original Bathing Soap (Pack of 4)",7,190.00
2026-08-03,"Maggi 2-Minute Noodles 70g",20,14.00
2026-08-03,"Nestle Classic Coffee 50g",4,175.00
2026-08-03,"Coca-Cola Original 750ml",14,45.00
2026-08-03,"Pepsi Can 300ml",9,40.00
2026-08-03,"Real Fruit Juice Mixed Fruit 1L",5,120.00
2026-08-03,"Parle-G Gold Biscuits 1kg",8,130.00
2026-08-03,"Britannia Good Day Butter 200g",12,50.00
2026-08-03,"Britannia Marie Gold 250g",10,35.00
2026-08-03,"Lay's Classic Salted Chips 50g",16,20.00
2026-08-03,"Kurkure Masala Munch 80g",17,20.00
2026-08-03,"Amul Taaza Homogenised Toned Milk 1L",22,72.00
2026-08-03,"Amul Salted Butter 500g",9,275.00
2026-08-03,"Kellogg's Corn Flakes 475g",4,220.00
2026-08-03,"Aashirvaad Superior MP Sharbati Atta 5kg",11,310.00
2026-08-03,"Tata Salt Vacuum Evaporated 1kg",19,28.00
2026-08-03,"Tata Sampann Toor Dal 1kg",9,175.00
2026-08-03,"Fortune Sunlite Refined Sunflower Oil 1L",11,155.00
2026-08-03,"Surf Excel Easy Wash Detergent Powder 1kg",8,145.00
2026-08-03,"Vim Dishwash Liquid Gel 500ml",5,130.00
2026-08-03,"Colgate MaxFresh Blue Gel Toothpaste 150g",9,120.00
2026-08-03,"Head & Shoulders Anti-Dandruff Shampoo 340ml",3,320.00
2026-08-03,"Dettol Original Bathing Soap (Pack of 4)",7,190.00
2026-08-04,"Maggi 2-Minute Noodles 70g",16,14.00
2026-08-04,"Nestle Classic Coffee 50g",5,175.00
2026-08-04,"Coca-Cola Original 750ml",12,45.00
2026-08-04,"Pepsi Can 300ml",10,40.00
2026-08-04,"Real Fruit Juice Mixed Fruit 1L",6,120.00
2026-08-04,"Parle-G Gold Biscuits 1kg",8,130.00
2026-08-04,"Britannia Good Day Butter 200g",14,50.00
2026-08-04,"Britannia Marie Gold 250g",13,35.00
2026-08-04,"Lay's Classic Salted Chips 50g",14,20.00
2026-08-04,"Kurkure Masala Munch 80g",18,20.00
2026-08-04,"Amul Taaza Homogenised Toned Milk 1L",21,72.00
2026-08-04,"Amul Salted Butter 500g",7,275.00
2026-08-04,"Kellogg's Corn Flakes 475g",4,220.00
2026-08-04,"Aashirvaad Superior MP Sharbati Atta 5kg",10,310.00
2026-08-04,"Tata Salt Vacuum Evaporated 1kg",19,28.00
2026-08-04,"Tata Sampann Toor Dal 1kg",7,175.00
2026-08-04,"Fortune Sunlite Refined Sunflower Oil 1L",11,155.00
2026-08-04,"Surf Excel Easy Wash Detergent Powder 1kg",7,145.00
2026-08-04,"Vim Dishwash Liquid Gel 500ml",5,130.00
2026-08-04,"Colgate MaxFresh Blue Gel Toothpaste 150g",8,120.00
2026-08-04,"Head & Shoulders Anti-Dandruff Shampoo 340ml",6,320.00
2026-08-04,"Dettol Original Bathing Soap (Pack of 4)",9,190.00
2026-08-05,"Maggi 2-Minute Noodles 70g",19,14.00
2026-08-05,"Nestle Classic Coffee 50g",5,175.00
2026-08-05,"Coca-Cola Original 750ml",14,45.00
2026-08-05,"Pepsi Can 300ml",12,40.00
2026-08-05,"Real Fruit Juice Mixed Fruit 1L",6,120.00
2026-08-05,"Parle-G Gold Biscuits 1kg",7,130.00
2026-08-05,"Britannia Good Day Butter 200g",13,50.00
2026-08-05,"Britannia Marie Gold 250g",13,35.00
2026-08-05,"Lay's Classic Salted Chips 50g",17,20.00
2026-08-05,"Kurkure Masala Munch 80g",16,20.00
2026-08-05,"Amul Taaza Homogenised Toned Milk 1L",25,72.00
2026-08-05,"Amul Salted Butter 500g",7,275.00
2026-08-05,"Kellogg's Corn Flakes 475g",4,220.00
2026-08-05,"Aashirvaad Superior MP Sharbati Atta 5kg",11,310.00
2026-08-05,"Tata Salt Vacuum Evaporated 1kg",17,28.00
2026-08-05,"Tata Sampann Toor Dal 1kg",8,175.00
2026-08-05,"Fortune Sunlite Refined Sunflower Oil 1L",12,155.00
2026-08-05,"Surf Excel Easy Wash Detergent Powder 1kg",6,145.00
2026-08-05,"Vim Dishwash Liquid Gel 500ml",6,130.00
2026-08-05,"Colgate MaxFresh Blue Gel Toothpaste 150g",7,120.00
2026-08-05,"Head & Shoulders Anti-Dandruff Shampoo 340ml",3,320.00
2026-08-05,"Dettol Original Bathing Soap (Pack of 4)",7,190.00
2026-08-06,"Maggi 2-Minute Noodles 70g",17,14.00
2026-08-06,"Nestle Classic Coffee 50g",6,175.00
2026-08-06,"Coca-Cola Original 750ml",14,45.00
2026-08-06,"Pepsi Can 300ml",11,40.00
2026-08-06,"Real Fruit Juice Mixed Fruit 1L",7,120.00
2026-08-06,"Parle-G Gold Biscuits 1kg",9,130.00
2026-08-06,"Britannia Good Day Butter 200g",12,50.00
2026-08-06,"Britannia Marie Gold 250g",11,35.00
2026-08-06,"Lay's Classic Salted Chips 50g",16,20.00
2026-08-06,"Kurkure Masala Munch 80g",17,20.00
2026-08-06,"Amul Taaza Homogenised Toned Milk 1L",21,72.00
2026-08-06,"Amul Salted Butter 500g",6,275.00
2026-08-06,"Kellogg's Corn Flakes 475g",4,220.00
2026-08-06,"Aashirvaad Superior MP Sharbati Atta 5kg",10,310.00
2026-08-06,"Tata Salt Vacuum Evaporated 1kg",20,28.00
2026-08-06,"Tata Sampann Toor Dal 1kg",8,175.00
2026-08-06,"Fortune Sunlite Refined Sunflower Oil 1L",11,155.00
2026-08-06,"Surf Excel Easy Wash Detergent Powder 1kg",7,145.00
2026-08-06,"Vim Dishwash Liquid Gel 500ml",6,130.00
2026-08-06,"Colgate MaxFresh Blue Gel Toothpaste 150g",9,120.00
2026-08-06,"Head & Shoulders Anti-Dandruff Shampoo 340ml",4,320.00
2026-08-06,"Dettol Original Bathing Soap (Pack of 4)",8,190.00
2026-08-07,"Maggi 2-Minute Noodles 70g",23,14.00
2026-08-07,"Nestle Classic Coffee 50g",6,175.00
2026-08-07,"Coca-Cola Original 750ml",17,45.00
2026-08-07,"Pepsi Can 300ml",12,40.00
2026-08-07,"Real Fruit Juice Mixed Fruit 1L",7,120.00
2026-08-07,"Parle-G Gold Biscuits 1kg",11,130.00
2026-08-07,"Britannia Good Day Butter 200g",16,50.00
2026-08-07,"Britannia Marie Gold 250g",16,35.00
2026-08-07,"Lay's Classic Salted Chips 50g",23,20.00
2026-08-07,"Kurkure Masala Munch 80g",20,20.00
2026-08-07,"Amul Taaza Homogenised Toned Milk 1L",31,72.00
2026-08-07,"Amul Salted Butter 500g",10,275.00
2026-08-07,"Kellogg's Corn Flakes 475g",6,220.00
2026-08-07,"Aashirvaad Superior MP Sharbati Atta 5kg",14,310.00
2026-08-07,"Tata Salt Vacuum Evaporated 1kg",25,28.00
2026-08-07,"Tata Sampann Toor Dal 1kg",10,175.00
2026-08-07,"Fortune Sunlite Refined Sunflower Oil 1L",17,155.00
2026-08-07,"Surf Excel Easy Wash Detergent Powder 1kg",10,145.00
2026-08-07,"Vim Dishwash Liquid Gel 500ml",7,130.00
2026-08-07,"Colgate MaxFresh Blue Gel Toothpaste 150g",12,120.00
2026-08-07,"Head & Shoulders Anti-Dandruff Shampoo 340ml",6,320.00
2026-08-07,"Dettol Original Bathing Soap (Pack of 4)",9,190.00
2026-08-08,"Maggi 2-Minute Noodles 70g",22,14.00
2026-08-08,"Nestle Classic Coffee 50g",7,175.00
2026-08-08,"Coca-Cola Original 750ml",57,45.00
2026-08-08,"Pepsi Can 300ml",13,40.00
2026-08-08,"Real Fruit Juice Mixed Fruit 1L",8,120.00
2026-08-08,"Parle-G Gold Biscuits 1kg",10,130.00
2026-08-08,"Britannia Good Day Butter 200g",16,50.00
2026-08-08,"Britannia Marie Gold 250g",18,35.00
2026-08-08,"Lay's Classic Salted Chips 50g",22,20.00
2026-08-08,"Kurkure Masala Munch 80g",21,20.00
2026-08-08,"Amul Taaza Homogenised Toned Milk 1L",30,72.00
2026-08-08,"Amul Salted Butter 500g",11,275.00
2026-08-08,"Kellogg's Corn Flakes 475g",4,220.00
2026-08-08,"Aashirvaad Superior MP Sharbati Atta 5kg",10,310.00
2026-08-08,"Tata Salt Vacuum Evaporated 1kg",28,28.00
2026-08-08,"Tata Sampann Toor Dal 1kg",11,175.00
2026-08-08,"Fortune Sunlite Refined Sunflower Oil 1L",14,155.00
2026-08-08,"Surf Excel Easy Wash Detergent Powder 1kg",10,145.00
2026-08-08,"Vim Dishwash Liquid Gel 500ml",7,130.00
2026-08-08,"Colgate MaxFresh Blue Gel Toothpaste 150g",12,120.00
2026-08-08,"Head & Shoulders Anti-Dandruff Shampoo 340ml",6,320.00
2026-08-08,"Dettol Original Bathing Soap (Pack of 4)",8,190.00
2026-08-09,"Maggi 2-Minute Noodles 70g",16,14.00
2026-08-09,"Nestle Classic Coffee 50g",4,175.00
2026-08-09,"Coca-Cola Original 750ml",44,45.00
2026-08-09,"Pepsi Can 300ml",12,40.00
2026-08-09,"Real Fruit Juice Mixed Fruit 1L",6,120.00
2026-08-09,"Parle-G Gold Biscuits 1kg",8,130.00
2026-08-09,"Britannia Good Day Butter 200g",12,50.00
2026-08-09,"Britannia Marie Gold 250g",11,35.00
2026-08-09,"Lay's Classic Salted Chips 50g",14,20.00
2026-08-09,"Kurkure Masala Munch 80g",13,20.00
2026-08-09,"Amul Taaza Homogenised Toned Milk 1L",23,72.00
2026-08-09,"Amul Salted Butter 500g",5,275.00
2026-08-09,"Kellogg's Corn Flakes 475g",3,220.00
2026-08-09,"Aashirvaad Superior MP Sharbati Atta 5kg",10,310.00
2026-08-09,"Tata Salt Vacuum Evaporated 1kg",20,28.00
2026-08-09,"Tata Sampann Toor Dal 1kg",9,175.00
2026-08-09,"Fortune Sunlite Refined Sunflower Oil 1L",14,155.00
2026-08-09,"Surf Excel Easy Wash Detergent Powder 1kg",8,145.00
2026-08-09,"Vim Dishwash Liquid Gel 500ml",7,130.00
2026-08-09,"Colgate MaxFresh Blue Gel Toothpaste 150g",9,120.00
2026-08-09,"Head & Shoulders Anti-Dandruff Shampoo 340ml",5,320.00
2026-08-09,"Dettol Original Bathing Soap (Pack of 4)",8,190.00
2026-08-10,"Maggi 2-Minute Noodles 70g",18,14.00
2026-08-10,"Nestle Classic Coffee 50g",5,175.00
2026-08-10,"Coca-Cola Original 750ml",44,45.00
2026-08-10,"Pepsi Can 300ml",11,40.00
2026-08-10,"Real Fruit Juice Mixed Fruit 1L",6,120.00
2026-08-10,"Parle-G Gold Biscuits 1kg",8,130.00
2026-08-10,"Britannia Good Day Butter 200g",14,50.00
2026-08-10,"Britannia Marie Gold 250g",11,35.00
2026-08-10,"Lay's Classic Salted Chips 50g",13,20.00
2026-08-10,"Kurkure Masala Munch 80g",16,20.00
2026-08-10,"Amul Taaza Homogenised Toned Milk 1L",22,72.00
2026-08-10,"Amul Salted Butter 500g",8,275.00
2026-08-10,"Kellogg's Corn Flakes 475g",2,220.00
2026-08-10,"Aashirvaad Superior MP Sharbati Atta 5kg",9,310.00
2026-08-10,"Tata Salt Vacuum Evaporated 1kg",19,28.00
2026-08-10,"Tata Sampann Toor Dal 1kg",9,175.00
2026-08-10,"Fortune Sunlite Refined Sunflower Oil 1L",15,155.00
2026-08-10,"Surf Excel Easy Wash Detergent Powder 1kg",7,145.00
2026-08-10,"Vim Dishwash Liquid Gel 500ml",7,130.00
2026-08-10,"Colgate MaxFresh Blue Gel Toothpaste 150g",9,120.00
2026-08-10,"Head & Shoulders Anti-Dandruff Shampoo 340ml",4,320.00
2026-08-10,"Dettol Original Bathing Soap (Pack of 4)",6,190.00
2026-08-11,"Maggi 2-Minute Noodles 70g",14,14.00
2026-08-11,"Nestle Classic Coffee 50g",6,175.00
2026-08-11,"Coca-Cola Original 750ml",15,45.00
2026-08-11,"Pepsi Can 300ml",9,40.00
2026-08-11,"Real Fruit Juice Mixed Fruit 1L",7,120.00
2026-08-11,"Parle-G Gold Biscuits 1kg",7,130.00
2026-08-11,"Britannia Good Day Butter 200g",12,50.00
2026-08-11,"Britannia Marie Gold 250g",10,35.00
2026-08-11,"Lay's Classic Salted Chips 50g",12,20.00
2026-08-11,"Kurkure Masala Munch 80g",17,20.00
2026-08-11,"Amul Taaza Homogenised Toned Milk 1L",25,72.00
2026-08-11,"Amul Salted Butter 500g",7,275.00
2026-08-11,"Kellogg's Corn Flakes 475g",4,220.00
2026-08-11,"Aashirvaad Superior MP Sharbati Atta 5kg",8,310.00
2026-08-11,"Tata Salt Vacuum Evaporated 1kg",19,28.00
2026-08-11,"Tata Sampann Toor Dal 1kg",9,175.00
2026-08-11,"Fortune Sunlite Refined Sunflower Oil 1L",14,155.00
2026-08-11,"Surf Excel Easy Wash Detergent Powder 1kg",7,145.00
2026-08-11,"Vim Dishwash Liquid Gel 500ml",5,130.00
2026-08-11,"Colgate MaxFresh Blue Gel Toothpaste 150g",9,120.00
2026-08-11,"Head & Shoulders Anti-Dandruff Shampoo 340ml",5,320.00
2026-08-11,"Dettol Original Bathing Soap (Pack of 4)",5,190.00
2026-08-12,"Maggi 2-Minute Noodles 70g",19,14.00
2026-08-12,"Nestle Classic Coffee 50g",4,175.00
2026-08-12,"Coca-Cola Original 750ml",13,45.00
2026-08-12,"Pepsi Can 300ml",11,40.00
2026-08-12,"Real Fruit Juice Mixed Fruit 1L",7,120.00
2026-08-12,"Parle-G Gold Biscuits 1kg",7,130.00
2026-08-12,"Britannia Good Day Butter 200g",13,50.00
2026-08-12,"Britannia Marie Gold 250g",11,35.00
2026-08-12,"Lay's Classic Salted Chips 50g",13,20.00
2026-08-12,"Kurkure Masala Munch 80g",13,20.00
2026-08-12,"Amul Taaza Homogenised Toned Milk 1L",20,72.00
2026-08-12,"Amul Salted Butter 500g",5,275.00
2026-08-12,"Kellogg's Corn Flakes 475g",4,220.00
2026-08-12,"Aashirvaad Superior MP Sharbati Atta 5kg",9,310.00
2026-08-12,"Tata Salt Vacuum Evaporated 1kg",16,28.00
2026-08-12,"Tata Sampann Toor Dal 1kg",9,175.00
2026-08-12,"Fortune Sunlite Refined Sunflower Oil 1L",11,155.00
2026-08-12,"Surf Excel Easy Wash Detergent Powder 1kg",6,145.00
2026-08-12,"Vim Dishwash Liquid Gel 500ml",7,130.00
2026-08-12,"Colgate MaxFresh Blue Gel Toothpaste 150g",6,120.00
2026-08-12,"Head & Shoulders Anti-Dandruff Shampoo 340ml",4,320.00
2026-08-12,"Dettol Original Bathing Soap (Pack of 4)",9,190.00
2026-08-13,"Maggi 2-Minute Noodles 70g",18,14.00
2026-08-13,"Nestle Classic Coffee 50g",5,175.00
2026-08-13,"Coca-Cola Original 750ml",10,45.00
2026-08-13,"Pepsi Can 300ml",10,40.00
2026-08-13,"Real Fruit Juice Mixed Fruit 1L",7,120.00
2026-08-13,"Parle-G Gold Biscuits 1kg",7,130.00
2026-08-13,"Britannia Good Day Butter 200g",11,50.00
2026-08-13,"Britannia Marie Gold 250g",10,35.00
2026-08-13,"Lay's Classic Salted Chips 50g",18,20.00
2026-08-13,"Kurkure Masala Munch 80g",18,20.00
2026-08-13,"Amul Taaza Homogenised Toned Milk 1L",21,72.00
2026-08-13,"Amul Salted Butter 500g",7,275.00
2026-08-13,"Kellogg's Corn Flakes 475g",4,220.00
2026-08-13,"Aashirvaad Superior MP Sharbati Atta 5kg",10,310.00
2026-08-13,"Tata Salt Vacuum Evaporated 1kg",18,28.00
2026-08-13,"Tata Sampann Toor Dal 1kg",9,175.00
2026-08-13,"Fortune Sunlite Refined Sunflower Oil 1L",13,155.00
2026-08-13,"Surf Excel Easy Wash Detergent Powder 1kg",7,145.00
2026-08-13,"Vim Dishwash Liquid Gel 500ml",7,130.00
2026-08-13,"Colgate MaxFresh Blue Gel Toothpaste 150g",9,120.00
2026-08-13,"Head & Shoulders Anti-Dandruff Shampoo 340ml",3,320.00
2026-08-13,"Dettol Original Bathing Soap (Pack of 4)",8,190.00
2026-08-14,"Maggi 2-Minute Noodles 70g",24,14.00
2026-08-14,"Nestle Classic Coffee 50g",7,175.00
2026-08-14,"Coca-Cola Original 750ml",16,45.00
2026-08-14,"Pepsi Can 300ml",15,40.00
2026-08-14,"Real Fruit Juice Mixed Fruit 1L",8,120.00
2026-08-14,"Parle-G Gold Biscuits 1kg",11,130.00
2026-08-14,"Britannia Good Day Butter 200g",19,50.00
2026-08-14,"Britannia Marie Gold 250g",13,35.00
2026-08-14,"Lay's Classic Salted Chips 50g",19,20.00
2026-08-14,"Kurkure Masala Munch 80g",20,20.00
2026-08-14,"Amul Taaza Homogenised Toned Milk 1L",26,72.00
2026-08-14,"Amul Salted Butter 500g",9,275.00
2026-08-14,"Kellogg's Corn Flakes 475g",5,220.00
2026-08-14,"Aashirvaad Superior MP Sharbati Atta 5kg",13,310.00
2026-08-14,"Tata Salt Vacuum Evaporated 1kg",26,28.00
2026-08-14,"Tata Sampann Toor Dal 1kg",11,175.00
2026-08-14,"Fortune Sunlite Refined Sunflower Oil 1L",17,155.00
2026-08-14,"Surf Excel Easy Wash Detergent Powder 1kg",10,145.00
2026-08-14,"Vim Dishwash Liquid Gel 500ml",8,130.00
2026-08-14,"Colgate MaxFresh Blue Gel Toothpaste 150g",10,120.00
2026-08-14,"Head & Shoulders Anti-Dandruff Shampoo 340ml",5,320.00
2026-08-14,"Dettol Original Bathing Soap (Pack of 4)",12,190.00
2026-08-15,"Maggi 2-Minute Noodles 70g",26,14.00
2026-08-15,"Nestle Classic Coffee 50g",6,175.00
2026-08-15,"Coca-Cola Original 750ml",22,45.00
2026-08-15,"Pepsi Can 300ml",13,40.00
2026-08-15,"Real Fruit Juice Mixed Fruit 1L",8,120.00
2026-08-15,"Parle-G Gold Biscuits 1kg",10,130.00
2026-08-15,"Britannia Good Day Butter 200g",16,50.00
2026-08-15,"Britannia Marie Gold 250g",16,35.00
2026-08-15,"Lay's Classic Salted Chips 50g",25,20.00
2026-08-15,"Kurkure Masala Munch 80g",18,20.00
2026-08-15,"Amul Taaza Homogenised Toned Milk 1L",32,72.00
2026-08-15,"Amul Salted Butter 500g",9,275.00
2026-08-15,"Kellogg's Corn Flakes 475g",5,220.00
2026-08-15,"Aashirvaad Superior MP Sharbati Atta 5kg",11,310.00
2026-08-15,"Tata Salt Vacuum Evaporated 1kg",22,28.00
2026-08-15,"Tata Sampann Toor Dal 1kg",12,175.00
2026-08-15,"Fortune Sunlite Refined Sunflower Oil 1L",16,155.00
2026-08-15,"Surf Excel Easy Wash Detergent Powder 1kg",11,145.00
2026-08-15,"Vim Dishwash Liquid Gel 500ml",8,130.00
2026-08-15,"Colgate MaxFresh Blue Gel Toothpaste 150g",12,120.00
2026-08-15,"Head & Shoulders Anti-Dandruff Shampoo 340ml",6,320.00
2026-08-15,"Dettol Original Bathing Soap (Pack of 4)",10,190.00
2026-08-16,"Maggi 2-Minute Noodles 70g",13,14.00
2026-08-16,"Nestle Classic Coffee 50g",5,175.00
2026-08-16,"Coca-Cola Original 750ml",14,45.00
2026-08-16,"Pepsi Can 300ml",9,40.00
2026-08-16,"Real Fruit Juice Mixed Fruit 1L",8,120.00
2026-08-16,"Parle-G Gold Biscuits 1kg",9,130.00
2026-08-16,"Britannia Good Day Butter 200g",13,50.00
2026-08-16,"Britannia Marie Gold 250g",11,35.00
2026-08-16,"Lay's Classic Salted Chips 50g",18,20.00
2026-08-16,"Kurkure Masala Munch 80g",16,20.00
2026-08-16,"Amul Taaza Homogenised Toned Milk 1L",23,72.00
2026-08-16,"Amul Salted Butter 500g",8,275.00
2026-08-16,"Kellogg's Corn Flakes 475g",4,220.00
2026-08-16,"Aashirvaad Superior MP Sharbati Atta 5kg",9,310.00
2026-08-16,"Tata Salt Vacuum Evaporated 1kg",19,28.00
2026-08-16,"Tata Sampann Toor Dal 1kg",6,175.00
2026-08-16,"Fortune Sunlite Refined Sunflower Oil 1L",11,155.00
2026-08-16,"Surf Excel Easy Wash Detergent Powder 1kg",8,145.00
2026-08-16,"Vim Dishwash Liquid Gel 500ml",7,130.00
2026-08-16,"Colgate MaxFresh Blue Gel Toothpaste 150g",8,120.00
2026-08-16,"Head & Shoulders Anti-Dandruff Shampoo 340ml",3,320.00
2026-08-16,"Dettol Original Bathing Soap (Pack of 4)",9,190.00
2026-08-17,"Maggi 2-Minute Noodles 70g",14,14.00
2026-08-17,"Nestle Classic Coffee 50g",5,175.00
2026-08-17,"Coca-Cola Original 750ml",11,45.00
2026-08-17,"Pepsi Can 300ml",9,40.00
2026-08-17,"Real Fruit Juice Mixed Fruit 1L",5,120.00
2026-08-17,"Parle-G Gold Biscuits 1kg",8,130.00
2026-08-17,"Britannia Good Day Butter 200g",13,50.00
2026-08-17,"Britannia Marie Gold 250g",11,35.00
2026-08-17,"Lay's Classic Salted Chips 50g",17,20.00
2026-08-17,"Kurkure Masala Munch 80g",15,20.00
2026-08-17,"Amul Taaza Homogenised Toned Milk 1L",20,72.00
2026-08-17,"Amul Salted Butter 500g",6,275.00
2026-08-17,"Kellogg's Corn Flakes 475g",6,220.00
2026-08-17,"Aashirvaad Superior MP Sharbati Atta 5kg",8,310.00
2026-08-17,"Tata Salt Vacuum Evaporated 1kg",19,28.00
2026-08-17,"Tata Sampann Toor Dal 1kg",8,175.00
2026-08-17,"Fortune Sunlite Refined Sunflower Oil 1L",13,155.00
2026-08-17,"Surf Excel Easy Wash Detergent Powder 1kg",6,145.00
2026-08-17,"Vim Dishwash Liquid Gel 500ml",7,130.00
2026-08-17,"Colgate MaxFresh Blue Gel Toothpaste 150g",9,120.00
2026-08-17,"Head & Shoulders Anti-Dandruff Shampoo 340ml",3,320.00
2026-08-17,"Dettol Original Bathing Soap (Pack of 4)",7,190.00
2026-08-18,"Maggi 2-Minute Noodles 70g",15,14.00
2026-08-18,"Nestle Classic Coffee 50g",5,175.00
2026-08-18,"Coca-Cola Original 750ml",16,45.00
2026-08-18,"Pepsi Can 300ml",10,40.00
2026-08-18,"Real Fruit Juice Mixed Fruit 1L",6,120.00
2026-08-18,"Parle-G Gold Biscuits 1kg",7,130.00
2026-08-18,"Britannia Good Day Butter 200g",10,50.00
2026-08-18,"Britannia Marie Gold 250g",12,35.00
2026-08-18,"Lay's Classic Salted Chips 50g",14,20.00
2026-08-18,"Kurkure Masala Munch 80g",15,20.00
2026-08-18,"Amul Taaza Homogenised Toned Milk 1L",22,72.00
2026-08-18,"Amul Salted Butter 500g",7,275.00
2026-08-18,"Kellogg's Corn Flakes 475g",4,220.00
2026-08-18,"Aashirvaad Superior MP Sharbati Atta 5kg",8,310.00
2026-08-18,"Tata Salt Vacuum Evaporated 1kg",15,28.00
2026-08-18,"Tata Sampann Toor Dal 1kg",10,175.00
2026-08-18,"Fortune Sunlite Refined Sunflower Oil 1L",11,155.00
2026-08-18,"Surf Excel Easy Wash Detergent Powder 1kg",7,145.00
2026-08-18,"Vim Dishwash Liquid Gel 500ml",7,130.00
2026-08-18,"Colgate MaxFresh Blue Gel Toothpaste 150g",8,120.00
2026-08-18,"Head & Shoulders Anti-Dandruff Shampoo 340ml",3,320.00
2026-08-18,"Dettol Original Bathing Soap (Pack of 4)",6,190.00
2026-08-19,"Maggi 2-Minute Noodles 70g",19,14.00
2026-08-19,"Nestle Classic Coffee 50g",6,175.00
2026-08-19,"Coca-Cola Original 750ml",15,45.00
2026-08-19,"Pepsi Can 300ml",11,40.00
2026-08-19,"Real Fruit Juice Mixed Fruit 1L",5,120.00
2026-08-19,"Parle-G Gold Biscuits 1kg",6,130.00
2026-08-19,"Britannia Good Day Butter 200g",11,50.00
2026-08-19,"Britannia Marie Gold 250g",13,35.00
2026-08-19,"Lay's Classic Salted Chips 50g",17,20.00
2026-08-19,"Kurkure Masala Munch 80g",15,20.00
2026-08-19,"Amul Taaza Homogenised Toned Milk 1L",24,72.00
2026-08-19,"Amul Salted Butter 500g",8,275.00
2026-08-19,"Kellogg's Corn Flakes 475g",4,220.00
2026-08-19,"Aashirvaad Superior MP Sharbati Atta 5kg",8,310.00
2026-08-19,"Tata Salt Vacuum Evaporated 1kg",21,28.00
2026-08-19,"Tata Sampann Toor Dal 1kg",10,175.00
2026-08-19,"Fortune Sunlite Refined Sunflower Oil 1L",11,155.00
2026-08-19,"Surf Excel Easy Wash Detergent Powder 1kg",7,145.00
2026-08-19,"Vim Dishwash Liquid Gel 500ml",5,130.00
2026-08-19,"Colgate MaxFresh Blue Gel Toothpaste 150g",9,120.00
2026-08-19,"Head & Shoulders Anti-Dandruff Shampoo 340ml",4,320.00
2026-08-19,"Dettol Original Bathing Soap (Pack of 4)",5,190.00
2026-08-20,"Maggi 2-Minute Noodles 70g",18,14.00
2026-08-20,"Nestle Classic Coffee 50g",4,175.00
2026-08-20,"Coca-Cola Original 750ml",14,45.00
2026-08-20,"Pepsi Can 300ml",9,40.00
2026-08-20,"Real Fruit Juice Mixed Fruit 1L",6,120.00
2026-08-20,"Parle-G Gold Biscuits 1kg",9,130.00
2026-08-20,"Britannia Good Day Butter 200g",12,50.00
2026-08-20,"Britannia Marie Gold 250g",13,35.00
2026-08-20,"Lay's Classic Salted Chips 50g",19,20.00
2026-08-20,"Kurkure Masala Munch 80g",17,20.00
2026-08-20,"Amul Taaza Homogenised Toned Milk 1L",19,72.00
2026-08-20,"Amul Salted Butter 500g",7,275.00
2026-08-20,"Kellogg's Corn Flakes 475g",4,220.00
2026-08-20,"Aashirvaad Superior MP Sharbati Atta 5kg",9,310.00
2026-08-20,"Tata Salt Vacuum Evaporated 1kg",16,28.00
2026-08-20,"Tata Sampann Toor Dal 1kg",10,175.00
2026-08-20,"Fortune Sunlite Refined Sunflower Oil 1L",12,155.00
2026-08-20,"Surf Excel Easy Wash Detergent Powder 1kg",6,145.00
2026-08-20,"Vim Dishwash Liquid Gel 500ml",7,130.00
2026-08-20,"Colgate MaxFresh Blue Gel Toothpaste 150g",8,120.00
2026-08-20,"Head & Shoulders Anti-Dandruff Shampoo 340ml",2,320.00
2026-08-20,"Dettol Original Bathing Soap (Pack of 4)",7,190.00
2026-08-21,"Maggi 2-Minute Noodles 70g",26,14.00
2026-08-21,"Nestle Classic Coffee 50g",7,175.00
2026-08-21,"Coca-Cola Original 750ml",17,45.00
2026-08-21,"Pepsi Can 300ml",13,40.00
2026-08-21,"Real Fruit Juice Mixed Fruit 1L",8,120.00
2026-08-21,"Parle-G Gold Biscuits 1kg",9,130.00
2026-08-21,"Britannia Good Day Butter 200g",18,50.00
2026-08-21,"Britannia Marie Gold 250g",16,35.00
2026-08-21,"Lay's Classic Salted Chips 50g",20,20.00
2026-08-21,"Kurkure Masala Munch 80g",21,20.00
2026-08-21,"Amul Taaza Homogenised Toned Milk 1L",29,72.00
2026-08-21,"Amul Salted Butter 500g",9,275.00
2026-08-21,"Kellogg's Corn Flakes 475g",6,220.00
2026-08-21,"Aashirvaad Superior MP Sharbati Atta 5kg",11,310.00
2026-08-21,"Tata Salt Vacuum Evaporated 1kg",27,28.00
2026-08-21,"Tata Sampann Toor Dal 1kg",10,175.00
2026-08-21,"Fortune Sunlite Refined Sunflower Oil 1L",16,155.00
2026-08-21,"Surf Excel Easy Wash Detergent Powder 1kg",12,145.00
2026-08-21,"Vim Dishwash Liquid Gel 500ml",8,130.00
2026-08-21,"Colgate MaxFresh Blue Gel Toothpaste 150g",12,120.00
2026-08-21,"Head & Shoulders Anti-Dandruff Shampoo 340ml",6,320.00
2026-08-21,"Dettol Original Bathing Soap (Pack of 4)",9,190.00
2026-08-22,"Maggi 2-Minute Noodles 70g",27,14.00
2026-08-22,"Nestle Classic Coffee 50g",7,175.00
2026-08-22,"Coca-Cola Original 750ml",21,45.00
2026-08-22,"Pepsi Can 300ml",13,40.00
2026-08-22,"Real Fruit Juice Mixed Fruit 1L",8,120.00
2026-08-22,"Parle-G Gold Biscuits 1kg",10,130.00
2026-08-22,"Britannia Good Day Butter 200g",17,50.00
2026-08-22,"Britannia Marie Gold 250g",17,35.00
2026-08-22,"Lay's Classic Salted Chips 50g",23,20.00
2026-08-22,"Kurkure Masala Munch 80g",20,20.00
2026-08-22,"Amul Taaza Homogenised Toned Milk 1L",33,72.00
2026-08-22,"Amul Salted Butter 500g",10,275.00
2026-08-22,"Kellogg's Corn Flakes 475g",5,220.00
2026-08-22,"Aashirvaad Superior MP Sharbati Atta 5kg",13,310.00
2026-08-22,"Tata Salt Vacuum Evaporated 1kg",25,28.00
2026-08-22,"Tata Sampann Toor Dal 1kg",11,175.00
2026-08-22,"Fortune Sunlite Refined Sunflower Oil 1L",13,155.00
2026-08-22,"Surf Excel Easy Wash Detergent Powder 1kg",10,145.00
2026-08-22,"Vim Dishwash Liquid Gel 500ml",8,130.00
2026-08-22,"Colgate MaxFresh Blue Gel Toothpaste 150g",12,120.00
2026-08-22,"Head & Shoulders Anti-Dandruff Shampoo 340ml",6,320.00
2026-08-22,"Dettol Original Bathing Soap (Pack of 4)",10,190.00
2026-08-23,"Maggi 2-Minute Noodles 70g",20,14.00
2026-08-23,"Nestle Classic Coffee 50g",4,175.00
2026-08-23,"Coca-Cola Original 750ml",16,45.00
2026-08-23,"Pepsi Can 300ml",9,40.00
2026-08-23,"Real Fruit Juice Mixed Fruit 1L",6,120.00
2026-08-23,"Parle-G Gold Biscuits 1kg",9,130.00
2026-08-23,"Britannia Good Day Butter 200g",11,50.00
2026-08-23,"Britannia Marie Gold 250g",11,35.00
2026-08-23,"Lay's Classic Salted Chips 50g",15,20.00
2026-08-23,"Kurkure Masala Munch 80g",15,20.00
2026-08-23,"Amul Taaza Homogenised Toned Milk 1L",22,72.00
2026-08-23,"Amul Salted Butter 500g",8,275.00
2026-08-23,"Kellogg's Corn Flakes 475g",4,220.00
2026-08-23,"Aashirvaad Superior MP Sharbati Atta 5kg",2,310.00
2026-08-23,"Tata Salt Vacuum Evaporated 1kg",16,28.00
2026-08-23,"Tata Sampann Toor Dal 1kg",7,175.00
2026-08-23,"Fortune Sunlite Refined Sunflower Oil 1L",11,155.00
2026-08-23,"Surf Excel Easy Wash Detergent Powder 1kg",6,145.00
2026-08-23,"Vim Dishwash Liquid Gel 500ml",6,130.00
2026-08-23,"Colgate MaxFresh Blue Gel Toothpaste 150g",8,120.00
2026-08-23,"Head & Shoulders Anti-Dandruff Shampoo 340ml",4,320.00
2026-08-23,"Dettol Original Bathing Soap (Pack of 4)",7,190.00
2026-08-24,"Maggi 2-Minute Noodles 70g",20,14.00
2026-08-24,"Nestle Classic Coffee 50g",4,175.00
2026-08-24,"Coca-Cola Original 750ml",13,45.00
2026-08-24,"Pepsi Can 300ml",8,40.00
2026-08-24,"Real Fruit Juice Mixed Fruit 1L",5,120.00
2026-08-24,"Parle-G Gold Biscuits 1kg",8,130.00
2026-08-24,"Britannia Good Day Butter 200g",12,50.00
2026-08-24,"Britannia Marie Gold 250g",11,35.00
2026-08-24,"Lay's Classic Salted Chips 50g",14,20.00
2026-08-24,"Kurkure Masala Munch 80g",15,20.00
2026-08-24,"Amul Taaza Homogenised Toned Milk 1L",24,72.00
2026-08-24,"Amul Salted Butter 500g",7,275.00
2026-08-24,"Kellogg's Corn Flakes 475g",4,220.00
2026-08-24,"Aashirvaad Superior MP Sharbati Atta 5kg",3,310.00
2026-08-24,"Tata Salt Vacuum Evaporated 1kg",17,28.00
2026-08-24,"Tata Sampann Toor Dal 1kg",10,175.00
2026-08-24,"Fortune Sunlite Refined Sunflower Oil 1L",11,155.00
2026-08-24,"Surf Excel Easy Wash Detergent Powder 1kg",8,145.00
2026-08-24,"Vim Dishwash Liquid Gel 500ml",6,130.00
2026-08-24,"Colgate MaxFresh Blue Gel Toothpaste 150g",7,120.00
2026-08-24,"Head & Shoulders Anti-Dandruff Shampoo 340ml",4,320.00
2026-08-24,"Dettol Original Bathing Soap (Pack of 4)",8,190.00
2026-08-25,"Maggi 2-Minute Noodles 70g",17,14.00
2026-08-25,"Nestle Classic Coffee 50g",4,175.00
2026-08-25,"Coca-Cola Original 750ml",11,45.00
2026-08-25,"Pepsi Can 300ml",11,40.00
2026-08-25,"Real Fruit Juice Mixed Fruit 1L",5,120.00
2026-08-25,"Parle-G Gold Biscuits 1kg",8,130.00
2026-08-25,"Britannia Good Day Butter 200g",13,50.00
2026-08-25,"Britannia Marie Gold 250g",10,35.00
2026-08-25,"Lay's Classic Salted Chips 50g",16,20.00
2026-08-25,"Kurkure Masala Munch 80g",16,20.00
2026-08-25,"Amul Taaza Homogenised Toned Milk 1L",20,72.00
2026-08-25,"Amul Salted Butter 500g",7,275.00
2026-08-25,"Kellogg's Corn Flakes 475g",5,220.00
2026-08-25,"Aashirvaad Superior MP Sharbati Atta 5kg",1,310.00
2026-08-25,"Tata Salt Vacuum Evaporated 1kg",20,28.00
2026-08-25,"Tata Sampann Toor Dal 1kg",8,175.00
2026-08-25,"Fortune Sunlite Refined Sunflower Oil 1L",13,155.00
2026-08-25,"Surf Excel Easy Wash Detergent Powder 1kg",7,145.00
2026-08-25,"Vim Dishwash Liquid Gel 500ml",7,130.00
2026-08-25,"Colgate MaxFresh Blue Gel Toothpaste 150g",8,120.00
2026-08-25,"Head & Shoulders Anti-Dandruff Shampoo 340ml",4,320.00
2026-08-25,"Dettol Original Bathing Soap (Pack of 4)",7,190.00
2026-08-26,"Maggi 2-Minute Noodles 70g",17,14.00
2026-08-26,"Nestle Classic Coffee 50g",4,175.00
2026-08-26,"Coca-Cola Original 750ml",15,45.00
2026-08-26,"Pepsi Can 300ml",10,40.00
2026-08-26,"Real Fruit Juice Mixed Fruit 1L",6,120.00
2026-08-26,"Parle-G Gold Biscuits 1kg",7,130.00
2026-08-26,"Britannia Good Day Butter 200g",10,50.00
2026-08-26,"Britannia Marie Gold 250g",14,35.00
2026-08-26,"Lay's Classic Salted Chips 50g",17,20.00
2026-08-26,"Kurkure Masala Munch 80g",17,20.00
2026-08-26,"Amul Taaza Homogenised Toned Milk 1L",22,72.00
2026-08-26,"Amul Salted Butter 500g",7,275.00
2026-08-26,"Kellogg's Corn Flakes 475g",4,220.00
2026-08-26,"Aashirvaad Superior MP Sharbati Atta 5kg",9,310.00
2026-08-26,"Tata Salt Vacuum Evaporated 1kg",17,28.00
2026-08-26,"Tata Sampann Toor Dal 1kg",8,175.00
2026-08-26,"Fortune Sunlite Refined Sunflower Oil 1L",13,155.00
2026-08-26,"Surf Excel Easy Wash Detergent Powder 1kg",7,145.00
2026-08-26,"Vim Dishwash Liquid Gel 500ml",6,130.00
2026-08-26,"Colgate MaxFresh Blue Gel Toothpaste 150g",10,120.00
2026-08-26,"Head & Shoulders Anti-Dandruff Shampoo 340ml",3,320.00
2026-08-26,"Dettol Original Bathing Soap (Pack of 4)",5,190.00
2026-08-27,"Maggi 2-Minute Noodles 70g",20,14.00
2026-08-27,"Nestle Classic Coffee 50g",5,175.00
2026-08-27,"Coca-Cola Original 750ml",11,45.00
2026-08-27,"Pepsi Can 300ml",11,40.00
2026-08-27,"Real Fruit Juice Mixed Fruit 1L",7,120.00
2026-08-27,"Parle-G Gold Biscuits 1kg",7,130.00
2026-08-27,"Britannia Good Day Butter 200g",10,50.00
2026-08-27,"Britannia Marie Gold 250g",9,35.00
2026-08-27,"Lay's Classic Salted Chips 50g",15,20.00
2026-08-27,"Kurkure Masala Munch 80g",12,20.00
2026-08-27,"Amul Taaza Homogenised Toned Milk 1L",22,72.00
2026-08-27,"Amul Salted Butter 500g",8,275.00
2026-08-27,"Kellogg's Corn Flakes 475g",3,220.00
2026-08-27,"Aashirvaad Superior MP Sharbati Atta 5kg",10,310.00
2026-08-27,"Tata Salt Vacuum Evaporated 1kg",19,28.00
2026-08-27,"Tata Sampann Toor Dal 1kg",8,175.00
2026-08-27,"Fortune Sunlite Refined Sunflower Oil 1L",9,155.00
2026-08-27,"Surf Excel Easy Wash Detergent Powder 1kg",7,145.00
2026-08-27,"Vim Dishwash Liquid Gel 500ml",7,130.00
2026-08-27,"Colgate MaxFresh Blue Gel Toothpaste 150g",10,120.00
2026-08-27,"Head & Shoulders Anti-Dandruff Shampoo 340ml",4,320.00
2026-08-27,"Dettol Original Bathing Soap (Pack of 4)",8,190.00
2026-08-28,"Maggi 2-Minute Noodles 70g",21,14.00
2026-08-28,"Nestle Classic Coffee 50g",7,175.00
2026-08-28,"Coca-Cola Original 750ml",18,45.00
2026-08-28,"Pepsi Can 300ml",15,40.00
2026-08-28,"Real Fruit Juice Mixed Fruit 1L",8,120.00
2026-08-28,"Parle-G Gold Biscuits 1kg",11,130.00
2026-08-28,"Britannia Good Day Butter 200g",15,50.00
2026-08-28,"Britannia Marie Gold 250g",17,35.00
2026-08-28,"Lay's Classic Salted Chips 50g",19,20.00
2026-08-28,"Kurkure Masala Munch 80g",20,20.00
2026-08-28,"Amul Taaza Homogenised Toned Milk 1L",34,72.00
2026-08-28,"Amul Salted Butter 500g",11,275.00
2026-08-28,"Kellogg's Corn Flakes 475g",5,220.00
2026-08-28,"Aashirvaad Superior MP Sharbati Atta 5kg",12,310.00
2026-08-28,"Tata Salt Vacuum Evaporated 1kg",27,28.00
2026-08-28,"Tata Sampann Toor Dal 1kg",11,175.00
2026-08-28,"Fortune Sunlite Refined Sunflower Oil 1L",15,155.00
2026-08-28,"Surf Excel Easy Wash Detergent Powder 1kg",10,145.00
2026-08-28,"Vim Dishwash Liquid Gel 500ml",9,130.00
2026-08-28,"Colgate MaxFresh Blue Gel Toothpaste 150g",12,120.00
2026-08-28,"Head & Shoulders Anti-Dandruff Shampoo 340ml",5,320.00
2026-08-28,"Dettol Original Bathing Soap (Pack of 4)",9,190.00
2026-08-29,"Maggi 2-Minute Noodles 70g",28,14.00
2026-08-29,"Nestle Classic Coffee 50g",7,175.00
2026-08-29,"Coca-Cola Original 750ml",17,45.00
2026-08-29,"Pepsi Can 300ml",14,40.00
2026-08-29,"Real Fruit Juice Mixed Fruit 1L",8,120.00
2026-08-29,"Parle-G Gold Biscuits 1kg",10,130.00
2026-08-29,"Britannia Good Day Butter 200g",15,50.00
2026-08-29,"Britannia Marie Gold 250g",16,35.00
2026-08-29,"Lay's Classic Salted Chips 50g",24,20.00
2026-08-29,"Kurkure Masala Munch 80g",20,20.00
2026-08-29,"Amul Taaza Homogenised Toned Milk 1L",28,72.00
2026-08-29,"Amul Salted Butter 500g",11,275.00
2026-08-29,"Kellogg's Corn Flakes 475g",5,220.00
2026-08-29,"Aashirvaad Superior MP Sharbati Atta 5kg",13,310.00
2026-08-29,"Tata Salt Vacuum Evaporated 1kg",26,28.00
2026-08-29,"Tata Sampann Toor Dal 1kg",10,175.00
2026-08-29,"Fortune Sunlite Refined Sunflower Oil 1L",15,155.00
2026-08-29,"Surf Excel Easy Wash Detergent Powder 1kg",8,145.00
2026-08-29,"Vim Dishwash Liquid Gel 500ml",9,130.00
2026-08-29,"Colgate MaxFresh Blue Gel Toothpaste 150g",12,120.00
2026-08-29,"Head & Shoulders Anti-Dandruff Shampoo 340ml",6,320.00
2026-08-29,"Dettol Original Bathing Soap (Pack of 4)",11,190.00
2026-08-30,"Maggi 2-Minute Noodles 70g",21,14.00
2026-08-30,"Nestle Classic Coffee 50g",5,175.00
2026-08-30,"Coca-Cola Original 750ml",14,45.00
2026-08-30,"Pepsi Can 300ml",7,40.00
2026-08-30,"Real Fruit Juice Mixed Fruit 1L",7,120.00
2026-08-30,"Parle-G Gold Biscuits 1kg",8,130.00
2026-08-30,"Britannia Good Day Butter 200g",14,50.00
2026-08-30,"Britannia Marie Gold 250g",11,35.00
2026-08-30,"Lay's Classic Salted Chips 50g",17,20.00
2026-08-30,"Kurkure Masala Munch 80g",14,20.00
2026-08-30,"Amul Taaza Homogenised Toned Milk 1L",23,72.00
2026-08-30,"Amul Salted Butter 500g",8,275.00
2026-08-30,"Kellogg's Corn Flakes 475g",3,220.00
2026-08-30,"Aashirvaad Superior MP Sharbati Atta 5kg",10,310.00
2026-08-30,"Tata Salt Vacuum Evaporated 1kg",18,28.00
2026-08-30,"Tata Sampann Toor Dal 1kg",9,175.00
2026-08-30,"Fortune Sunlite Refined Sunflower Oil 1L",13,155.00
2026-08-30,"Surf Excel Easy Wash Detergent Powder 1kg",6,145.00
2026-08-30,"Vim Dishwash Liquid Gel 500ml",6,130.00
2026-08-30,"Colgate MaxFresh Blue Gel Toothpaste 150g",10,120.00
2026-08-30,"Head & Shoulders Anti-Dandruff Shampoo 340ml",3,320.00
2026-08-30,"Dettol Original Bathing Soap (Pack of 4)",7,190.00
2026-08-31,"Maggi 2-Minute Noodles 70g",19,14.00
2026-08-31,"Nestle Classic Coffee 50g",5,175.00
2026-08-31,"Coca-Cola Original 750ml",16,45.00
2026-08-31,"Pepsi Can 300ml",10,40.00
2026-08-31,"Real Fruit Juice Mixed Fruit 1L",6,120.00
2026-08-31,"Parle-G Gold Biscuits 1kg",8,130.00
2026-08-31,"Britannia Good Day Butter 200g",12,50.00
2026-08-31,"Britannia Marie Gold 250g",13,35.00
2026-08-31,"Lay's Classic Salted Chips 50g",14,20.00
2026-08-31,"Kurkure Masala Munch 80g",19,20.00
2026-08-31,"Amul Taaza Homogenised Toned Milk 1L",21,72.00
2026-08-31,"Amul Salted Butter 500g",8,275.00
2026-08-31,"Kellogg's Corn Flakes 475g",4,220.00
2026-08-31,"Aashirvaad Superior MP Sharbati Atta 5kg",9,310.00
2026-08-31,"Tata Salt Vacuum Evaporated 1kg",18,28.00
2026-08-31,"Tata Sampann Toor Dal 1kg",9,175.00
2026-08-31,"Fortune Sunlite Refined Sunflower Oil 1L",12,155.00
2026-08-31,"Surf Excel Easy Wash Detergent Powder 1kg",6,145.00
2026-08-31,"Vim Dishwash Liquid Gel 500ml",6,130.00
2026-08-31,"Colgate MaxFresh Blue Gel Toothpaste 150g",8,120.00
2026-08-31,"Head & Shoulders Anti-Dandruff Shampoo 340ml",4,320.00
2026-08-31,"Dettol Original Bathing Soap (Pack of 4)",8,190.00
2026-09-01,"Maggi 2-Minute Noodles 70g",17,14.00
2026-09-01,"Nestle Classic Coffee 50g",5,175.00
2026-09-01,"Coca-Cola Original 750ml",14,45.00
2026-09-01,"Pepsi Can 300ml",10,40.00
2026-09-01,"Real Fruit Juice Mixed Fruit 1L",5,120.00
2026-09-01,"Parle-G Gold Biscuits 1kg",9,130.00
2026-09-01,"Britannia Good Day Butter 200g",13,50.00
2026-09-01,"Britannia Marie Gold 250g",12,35.00
2026-09-01,"Lay's Classic Salted Chips 50g",13,20.00
2026-09-01,"Kurkure Masala Munch 80g",14,20.00
2026-09-01,"Amul Taaza Homogenised Toned Milk 1L",20,72.00
2026-09-01,"Amul Salted Butter 500g",7,275.00
2026-09-01,"Kellogg's Corn Flakes 475g",4,220.00
2026-09-01,"Aashirvaad Superior MP Sharbati Atta 5kg",8,310.00
2026-09-01,"Tata Salt Vacuum Evaporated 1kg",21,28.00
2026-09-01,"Tata Sampann Toor Dal 1kg",7,175.00
2026-09-01,"Fortune Sunlite Refined Sunflower Oil 1L",12,155.00
2026-09-01,"Surf Excel Easy Wash Detergent Powder 1kg",6,145.00
2026-09-01,"Vim Dishwash Liquid Gel 500ml",5,130.00
2026-09-01,"Colgate MaxFresh Blue Gel Toothpaste 150g",8,120.00
2026-09-01,"Head & Shoulders Anti-Dandruff Shampoo 340ml",5,320.00
2026-09-01,"Dettol Original Bathing Soap (Pack of 4)",7,190.00
2026-09-02,"Maggi 2-Minute Noodles 70g",18,14.00
2026-09-02,"Nestle Classic Coffee 50g",5,175.00
2026-09-02,"Coca-Cola Original 750ml",15,45.00
2026-09-02,"Pepsi Can 300ml",12,40.00
2026-09-02,"Real Fruit Juice Mixed Fruit 1L",7,120.00
2026-09-02,"Parle-G Gold Biscuits 1kg",8,130.00
2026-09-02,"Britannia Good Day Butter 200g",11,50.00
2026-09-02,"Britannia Marie Gold 250g",12,35.00
2026-09-02,"Lay's Classic Salted Chips 50g",17,20.00
2026-09-02,"Kurkure Masala Munch 80g",16,20.00
2026-09-02,"Amul Taaza Homogenised Toned Milk 1L",23,72.00
2026-09-02,"Amul Salted Butter 500g",6,275.00
2026-09-02,"Kellogg's Corn Flakes 475g",4,220.00
2026-09-02,"Aashirvaad Superior MP Sharbati Atta 5kg",10,310.00
2026-09-02,"Tata Salt Vacuum Evaporated 1kg",17,28.00
2026-09-02,"Tata Sampann Toor Dal 1kg",8,175.00
2026-09-02,"Fortune Sunlite Refined Sunflower Oil 1L",11,155.00
2026-09-02,"Surf Excel Easy Wash Detergent Powder 1kg",8,145.00
2026-09-02,"Vim Dishwash Liquid Gel 500ml",6,130.00
2026-09-02,"Colgate MaxFresh Blue Gel Toothpaste 150g",9,120.00
2026-09-02,"Head & Shoulders Anti-Dandruff Shampoo 340ml",4,320.00
2026-09-02,"Dettol Original Bathing Soap (Pack of 4)",8,190.00
2026-09-03,"Maggi 2-Minute Noodles 70g",22,14.00
2026-09-03,"Nestle Classic Coffee 50g",4,175.00
2026-09-03,"Coca-Cola Original 750ml",14,45.00
2026-09-03,"Pepsi Can 300ml",9,40.00
2026-09-03,"Real Fruit Juice Mixed Fruit 1L",6,120.00
2026-09-03,"Parle-G Gold Biscuits 1kg",10,130.00
2026-09-03,"Britannia Good Day Butter 200g",13,50.00
2026-09-03,"Britannia Marie Gold 250g",10,35.00
2026-09-03,"Lay's Classic Salted Chips 50g",14,20.00
2026-09-03,"Kurkure Masala Munch 80g",16,20.00
2026-09-03,"Amul Taaza Homogenised Toned Milk 1L",25,72.00
2026-09-03,"Amul Salted Butter 500g",8,275.00
2026-09-03,"Kellogg's Corn Flakes 475g",5,220.00
2026-09-03,"Aashirvaad Superior MP Sharbati Atta 5kg",9,310.00
2026-09-03,"Tata Salt Vacuum Evaporated 1kg",21,28.00
2026-09-03,"Tata Sampann Toor Dal 1kg",9,175.00
2026-09-03,"Fortune Sunlite Refined Sunflower Oil 1L",15,155.00
2026-09-03,"Surf Excel Easy Wash Detergent Powder 1kg",7,145.00
2026-09-03,"Vim Dishwash Liquid Gel 500ml",7,130.00
2026-09-03,"Colgate MaxFresh Blue Gel Toothpaste 150g",7,120.00
2026-09-03,"Head & Shoulders Anti-Dandruff Shampoo 340ml",4,320.00
2026-09-03,"Dettol Original Bathing Soap (Pack of 4)",7,190.00
2026-09-04,"Maggi 2-Minute Noodles 70g",25,14.00
2026-09-04,"Nestle Classic Coffee 50g",7,175.00
2026-09-04,"Coca-Cola Original 750ml",21,45.00
2026-09-04,"Pepsi Can 300ml",15,40.00
2026-09-04,"Real Fruit Juice Mixed Fruit 1L",9,120.00
2026-09-04,"Parle-G Gold Biscuits 1kg",11,130.00
2026-09-04,"Britannia Good Day Butter 200g",14,50.00
2026-09-04,"Britannia Marie Gold 250g",14,35.00
2026-09-04,"Lay's Classic Salted Chips 50g",22,20.00
2026-09-04,"Kurkure Masala Munch 80g",20,20.00
2026-09-04,"Amul Taaza Homogenised Toned Milk 1L",30,72.00
2026-09-04,"Amul Salted Butter 500g",12,275.00
2026-09-04,"Kellogg's Corn Flakes 475g",6,220.00
2026-09-04,"Aashirvaad Superior MP Sharbati Atta 5kg",13,310.00
2026-09-04,"Tata Salt Vacuum Evaporated 1kg",25,28.00
2026-09-04,"Tata Sampann Toor Dal 1kg",11,175.00
2026-09-04,"Fortune Sunlite Refined Sunflower Oil 1L",17,155.00
2026-09-04,"Surf Excel Easy Wash Detergent Powder 1kg",8,145.00
2026-09-04,"Vim Dishwash Liquid Gel 500ml",9,130.00
2026-09-04,"Colgate MaxFresh Blue Gel Toothpaste 150g",10,120.00
2026-09-04,"Head & Shoulders Anti-Dandruff Shampoo 340ml",6,320.00
2026-09-04,"Dettol Original Bathing Soap (Pack of 4)",11,190.00
2026-09-05,"Maggi 2-Minute Noodles 70g",26,14.00
2026-09-05,"Nestle Classic Coffee 50g",5,175.00
2026-09-05,"Coca-Cola Original 750ml",18,45.00
2026-09-05,"Pepsi Can 300ml",14,40.00
2026-09-05,"Real Fruit Juice Mixed Fruit 1L",8,120.00
2026-09-05,"Parle-G Gold Biscuits 1kg",10,130.00
2026-09-05,"Britannia Good Day Butter 200g",14,50.00
2026-09-05,"Britannia Marie Gold 250g",15,35.00
2026-09-05,"Lay's Classic Salted Chips 50g",22,20.00
2026-09-05,"Kurkure Masala Munch 80g",21,20.00
2026-09-05,"Amul Taaza Homogenised Toned Milk 1L",29,72.00
2026-09-05,"Amul Salted Butter 500g",8,275.00
2026-09-05,"Kellogg's Corn Flakes 475g",5,220.00
2026-09-05,"Aashirvaad Superior MP Sharbati Atta 5kg",12,310.00
2026-09-05,"Tata Salt Vacuum Evaporated 1kg",26,28.00
2026-09-05,"Tata Sampann Toor Dal 1kg",11,175.00
2026-09-05,"Fortune Sunlite Refined Sunflower Oil 1L",16,155.00
2026-09-05,"Surf Excel Easy Wash Detergent Powder 1kg",9,145.00
2026-09-05,"Vim Dishwash Liquid Gel 500ml",7,130.00
2026-09-05,"Colgate MaxFresh Blue Gel Toothpaste 150g",11,120.00
2026-09-05,"Head & Shoulders Anti-Dandruff Shampoo 340ml",5,320.00
2026-09-05,"Dettol Original Bathing Soap (Pack of 4)",9,190.00
2026-09-06,"Maggi 2-Minute Noodles 70g",18,14.00
2026-09-06,"Nestle Classic Coffee 50g",5,175.00
2026-09-06,"Coca-Cola Original 750ml",15,45.00
2026-09-06,"Pepsi Can 300ml",10,40.00
2026-09-06,"Real Fruit Juice Mixed Fruit 1L",6,120.00
2026-09-06,"Parle-G Gold Biscuits 1kg",7,130.00
2026-09-06,"Britannia Good Day Butter 200g",10,50.00
2026-09-06,"Britannia Marie Gold 250g",10,35.00
2026-09-06,"Lay's Classic Salted Chips 50g",16,20.00
2026-09-06,"Kurkure Masala Munch 80g",14,20.00
2026-09-06,"Amul Taaza Homogenised Toned Milk 1L",25,72.00
2026-09-06,"Amul Salted Butter 500g",5,275.00
2026-09-06,"Kellogg's Corn Flakes 475g",5,220.00
2026-09-06,"Aashirvaad Superior MP Sharbati Atta 5kg",7,310.00
2026-09-06,"Tata Salt Vacuum Evaporated 1kg",17,28.00
2026-09-06,"Tata Sampann Toor Dal 1kg",8,175.00
2026-09-06,"Fortune Sunlite Refined Sunflower Oil 1L",13,155.00
2026-09-06,"Surf Excel Easy Wash Detergent Powder 1kg",6,145.00
2026-09-06,"Vim Dishwash Liquid Gel 500ml",6,130.00
2026-09-06,"Colgate MaxFresh Blue Gel Toothpaste 150g",8,120.00
2026-09-06,"Head & Shoulders Anti-Dandruff Shampoo 340ml",3,320.00
2026-09-06,"Dettol Original Bathing Soap (Pack of 4)",6,190.00
2026-09-07,"Maggi 2-Minute Noodles 70g",19,14.00
2026-09-07,"Nestle Classic Coffee 50g",5,175.00
2026-09-07,"Coca-Cola Original 750ml",14,45.00
2026-09-07,"Pepsi Can 300ml",7,40.00
2026-09-07,"Real Fruit Juice Mixed Fruit 1L",6,120.00
2026-09-07,"Parle-G Gold Biscuits 1kg",8,130.00
2026-09-07,"Britannia Good Day Butter 200g",11,50.00
2026-09-07,"Britannia Marie Gold 250g",12,35.00
2026-09-07,"Lay's Classic Salted Chips 50g",17,20.00
2026-09-07,"Kurkure Masala Munch 80g",15,20.00
2026-09-07,"Amul Taaza Homogenised Toned Milk 1L",21,72.00
2026-09-07,"Amul Salted Butter 500g",8,275.00
2026-09-07,"Kellogg's Corn Flakes 475g",4,220.00
2026-09-07,"Aashirvaad Superior MP Sharbati Atta 5kg",9,310.00
2026-09-07,"Tata Salt Vacuum Evaporated 1kg",18,28.00
2026-09-07,"Tata Sampann Toor Dal 1kg",8,175.00
2026-09-07,"Fortune Sunlite Refined Sunflower Oil 1L",12,155.00
2026-09-07,"Surf Excel Easy Wash Detergent Powder 1kg",7,145.00
2026-09-07,"Vim Dishwash Liquid Gel 500ml",6,130.00
2026-09-07,"Colgate MaxFresh Blue Gel Toothpaste 150g",10,120.00
2026-09-07,"Head & Shoulders Anti-Dandruff Shampoo 340ml",3,320.00
2026-09-07,"Dettol Original Bathing Soap (Pack of 4)",8,190.00
2026-09-08,"Maggi 2-Minute Noodles 70g",17,14.00
2026-09-08,"Nestle Classic Coffee 50g",5,175.00
2026-09-08,"Coca-Cola Original 750ml",16,45.00
2026-09-08,"Pepsi Can 300ml",12,40.00
2026-09-08,"Real Fruit Juice Mixed Fruit 1L",7,120.00
2026-09-08,"Parle-G Gold Biscuits 1kg",7,130.00
2026-09-08,"Britannia Good Day Butter 200g",13,50.00
2026-09-08,"Britannia Marie Gold 250g",10,35.00
2026-09-08,"Lay's Classic Salted Chips 50g",17,20.00
2026-09-08,"Kurkure Masala Munch 80g",15,20.00
2026-09-08,"Amul Taaza Homogenised Toned Milk 1L",23,72.00
2026-09-08,"Amul Salted Butter 500g",8,275.00
2026-09-08,"Kellogg's Corn Flakes 475g",3,220.00
2026-09-08,"Aashirvaad Superior MP Sharbati Atta 5kg",10,310.00
2026-09-08,"Tata Salt Vacuum Evaporated 1kg",21,28.00
2026-09-08,"Tata Sampann Toor Dal 1kg",7,175.00
2026-09-08,"Fortune Sunlite Refined Sunflower Oil 1L",12,155.00
2026-09-08,"Surf Excel Easy Wash Detergent Powder 1kg",8,145.00
2026-09-08,"Vim Dishwash Liquid Gel 500ml",5,130.00
2026-09-08,"Colgate MaxFresh Blue Gel Toothpaste 150g",8,120.00
2026-09-08,"Head & Shoulders Anti-Dandruff Shampoo 340ml",4,320.00
2026-09-08,"Dettol Original Bathing Soap (Pack of 4)",8,190.00
2026-09-09,"Maggi 2-Minute Noodles 70g",14,14.00
2026-09-09,"Nestle Classic Coffee 50g",5,175.00
2026-09-09,"Coca-Cola Original 750ml",16,45.00
2026-09-09,"Pepsi Can 300ml",12,40.00
2026-09-09,"Real Fruit Juice Mixed Fruit 1L",6,120.00
2026-09-09,"Parle-G Gold Biscuits 1kg",8,130.00
2026-09-09,"Britannia Good Day Butter 200g",11,50.00
2026-09-09,"Britannia Marie Gold 250g",12,35.00
2026-09-09,"Lay's Classic Salted Chips 50g",15,20.00
2026-09-09,"Kurkure Masala Munch 80g",14,20.00
2026-09-09,"Amul Taaza Homogenised Toned Milk 1L",21,72.00
2026-09-09,"Amul Salted Butter 500g",9,275.00
2026-09-09,"Kellogg's Corn Flakes 475g",5,220.00
2026-09-09,"Aashirvaad Superior MP Sharbati Atta 5kg",9,310.00
2026-09-09,"Tata Salt Vacuum Evaporated 1kg",19,28.00
2026-09-09,"Tata Sampann Toor Dal 1kg",6,175.00
2026-09-09,"Fortune Sunlite Refined Sunflower Oil 1L",12,155.00
2026-09-09,"Surf Excel Easy Wash Detergent Powder 1kg",9,145.00
2026-09-09,"Vim Dishwash Liquid Gel 500ml",5,130.00
2026-09-09,"Colgate MaxFresh Blue Gel Toothpaste 150g",8,120.00
2026-09-09,"Head & Shoulders Anti-Dandruff Shampoo 340ml",4,320.00
2026-09-09,"Dettol Original Bathing Soap (Pack of 4)",8,190.00
2026-09-10,"Maggi 2-Minute Noodles 70g",20,14.00
2026-09-10,"Nestle Classic Coffee 50g",5,175.00
2026-09-10,"Coca-Cola Original 750ml",13,45.00
2026-09-10,"Pepsi Can 300ml",11,40.00
2026-09-10,"Real Fruit Juice Mixed Fruit 1L",6,120.00
2026-09-10,"Parle-G Gold Biscuits 1kg",9,130.00
2026-09-10,"Britannia Good Day Butter 200g",10,50.00
2026-09-10,"Britannia Marie Gold 250g",12,35.00
2026-09-10,"Lay's Classic Salted Chips 50g",15,20.00
2026-09-10,"Kurkure Masala Munch 80g",16,20.00
2026-09-10,"Amul Taaza Homogenised Toned Milk 1L",27,72.00
2026-09-10,"Amul Salted Butter 500g",8,275.00
2026-09-10,"Kellogg's Corn Flakes 475g",4,220.00
2026-09-10,"Aashirvaad Superior MP Sharbati Atta 5kg",10,310.00
2026-09-10,"Tata Salt Vacuum Evaporated 1kg",21,28.00
2026-09-10,"Tata Sampann Toor Dal 1kg",6,175.00
2026-09-10,"Fortune Sunlite Refined Sunflower Oil 1L",12,155.00
2026-09-10,"Surf Excel Easy Wash Detergent Powder 1kg",8,145.00
2026-09-10,"Vim Dishwash Liquid Gel 500ml",6,130.00
2026-09-10,"Colgate MaxFresh Blue Gel Toothpaste 150g",9,120.00
2026-09-10,"Head & Shoulders Anti-Dandruff Shampoo 340ml",5,320.00
2026-09-10,"Dettol Original Bathing Soap (Pack of 4)",6,190.00
2026-09-11,"Maggi 2-Minute Noodles 70g",26,14.00
2026-09-11,"Nestle Classic Coffee 50g",7,175.00
2026-09-11,"Coca-Cola Original 750ml",20,45.00
2026-09-11,"Pepsi Can 300ml",13,40.00
2026-09-11,"Real Fruit Juice Mixed Fruit 1L",8,120.00
2026-09-11,"Parle-G Gold Biscuits 1kg",11,130.00
2026-09-11,"Britannia Good Day Butter 200g",18,50.00
2026-09-11,"Britannia Marie Gold 250g",17,35.00
2026-09-11,"Lay's Classic Salted Chips 50g",21,20.00
2026-09-11,"Kurkure Masala Munch 80g",21,20.00
2026-09-11,"Amul Taaza Homogenised Toned Milk 1L",32,72.00
2026-09-11,"Amul Salted Butter 500g",10,275.00
2026-09-11,"Kellogg's Corn Flakes 475g",4,220.00
2026-09-11,"Aashirvaad Superior MP Sharbati Atta 5kg",12,310.00
2026-09-11,"Tata Salt Vacuum Evaporated 1kg",25,28.00
2026-09-11,"Tata Sampann Toor Dal 1kg",10,175.00
2026-09-11,"Fortune Sunlite Refined Sunflower Oil 1L",16,155.00
2026-09-11,"Surf Excel Easy Wash Detergent Powder 1kg",10,145.00
2026-09-11,"Vim Dishwash Liquid Gel 500ml",8,130.00
2026-09-11,"Colgate MaxFresh Blue Gel Toothpaste 150g",11,120.00
2026-09-11,"Head & Shoulders Anti-Dandruff Shampoo 340ml",5,320.00
2026-09-11,"Dettol Original Bathing Soap (Pack of 4)",11,190.00
2026-09-12,"Maggi 2-Minute Noodles 70g",26,14.00
2026-09-12,"Nestle Classic Coffee 50g",6,175.00
2026-09-12,"Coca-Cola Original 750ml",18,45.00
2026-09-12,"Pepsi Can 300ml",12,40.00
2026-09-12,"Real Fruit Juice Mixed Fruit 1L",7,120.00
2026-09-12,"Parle-G Gold Biscuits 1kg",12,130.00
2026-09-12,"Britannia Good Day Butter 200g",17,50.00
2026-09-12,"Britannia Marie Gold 250g",17,35.00
2026-09-12,"Lay's Classic Salted Chips 50g",22,20.00
2026-09-12,"Kurkure Masala Munch 80g",21,20.00
2026-09-12,"Amul Taaza Homogenised Toned Milk 1L",32,72.00
2026-09-12,"Amul Salted Butter 500g",8,275.00
2026-09-12,"Kellogg's Corn Flakes 475g",5,220.00
2026-09-12,"Aashirvaad Superior MP Sharbati Atta 5kg",14,310.00
2026-09-12,"Tata Salt Vacuum Evaporated 1kg",29,28.00
2026-09-12,"Tata Sampann Toor Dal 1kg",13,175.00
2026-09-12,"Fortune Sunlite Refined Sunflower Oil 1L",18,155.00
2026-09-12,"Surf Excel Easy Wash Detergent Powder 1kg",10,145.00
2026-09-12,"Vim Dishwash Liquid Gel 500ml",8,130.00
2026-09-12,"Colgate MaxFresh Blue Gel Toothpaste 150g",10,120.00
2026-09-12,"Head & Shoulders Anti-Dandruff Shampoo 340ml",4,320.00
2026-09-12,"Dettol Original Bathing Soap (Pack of 4)",11,190.00